DATE,Month,DayOfWeekNumeric,AWND,PRCP,PrecipYesNo,TMAX,TMIN,Avg High,Avg Low,High Variance,Low Variance,TotalCrimes
2015-01-02,1,6,7.38,0,0,34,10,44,16.7,-10,-6.7,149
2015-01-03,1,7,7.16,0.02,1,35,-3,44.1,16.8,-9.1,-19.8,131
2015-01-04,1,1,6.49,0,0,38,-3,44.2,16.9,-6.2,-19.9,113
2015-01-05,1,2,7.38,0,0,57,5,44.3,17,12.7,-12,167
2015-01-06,1,3,7.38,0,0,57,24,44.4,17,12.6,7,137
2015-01-07,1,4,6.93,0,0,45,14,44.5,17.1,0.5,-3.1,149
2015-01-08,1,5,11.18,0,0,53,19,44.5,17.2,8.5,1.8,143
2015-01-09,1,6,4.92,0,0,34,17,44.6,17.2,-10.6,-0.2,177
2015-01-10,1,7,5.59,0,0,56,20,44.6,17.3,11.4,2.7,204
2015-01-11,1,1,5.59,0,0,42,26,44.7,17.3,-2.7,8.7,177
2015-01-12,1,2,4.25,0,0,29,23,44.7,17.4,-15.7,5.6,175
2015-01-13,1,3,5.82,0,0,32,22,44.7,17.4,-12.7,4.6,191
2015-01-14,1,4,3.36,0,0,43,18,44.7,17.5,-1.7,0.5,173
2015-01-15,1,5,7.83,0,0,53,22,44.7,17.5,8.3,4.5,196
2015-01-16,1,6,8.05,0,0,57,27,44.7,17.5,12.3,9.5,191
2015-01-17,1,7,14.09,0,0,52,32,44.7,17.5,7.3,14.5,182
2015-01-18,1,1,10.29,0,0,61,35,44.7,17.6,16.3,17.4,175
2015-01-19,1,2,7.83,0,0,56,32,44.7,17.6,11.3,14.4,173
2015-01-20,1,3,5.37,0.04,1,39,25,44.7,17.6,-5.7,7.4,176
2015-01-21,1,4,4.7,0.11,1,30,14,44.6,17.6,-14.6,-3.6,149
2015-01-22,1,5,6.04,0,0,35,6,44.6,17.6,-9.6,-11.6,170
2015-01-23,1,6,4.7,0,0,44,14,44.6,17.6,-0.6,-3.6,198
2015-01-24,1,7,11.18,0,0,51,26,44.5,17.7,6.5,8.3,183
2015-01-25,1,1,7.61,0,0,58,25,44.5,17.7,13.5,7.3,162
2015-01-26,1,2,7.16,0,0,68,33,44.5,17.7,23.5,15.3,189
2015-01-27,1,3,7.61,0,0,73,38,44.4,17.7,28.6,20.3,175
2015-01-28,1,4,8.28,0,0,58,30,44.4,17.7,13.6,12.3,181
2015-01-29,1,5,8.95,0,0,45,35,44.4,17.8,0.6,17.2,181
2015-01-30,1,6,5.37,0,0,48,33,44.4,17.8,3.6,15.2,184
2015-01-31,1,7,4.47,0.05,1,38,27,44.4,17.8,-6.4,9.2,156
2015-02-01,2,1,6.71,0.1,1,27,16,44.4,17.9,-17.4,-1.9,134
2015-02-02,2,2,9.17,0,0,49,21,44.4,17.9,4.6,3.1,176
2015-02-03,2,3,6.93,0,0,59,32,44.4,18,14.6,14,186
2015-02-04,2,4,7.16,0,0,42,22,44.5,18,-2.5,4,151
2015-02-05,2,5,6.93,0,0,64,24,44.5,18.1,19.5,5.9,150
2015-02-06,2,6,11.86,0,0,71,41,44.6,18.2,26.4,22.8,206
2015-02-07,2,7,7.38,0,0,72,39,44.7,18.3,27.3,20.7,188
2015-02-08,2,1,9.84,0,0,67,37,44.7,18.4,22.3,18.6,163
2015-02-09,2,2,7.38,0,0,70,32,44.9,18.5,25.1,13.5,204
2015-02-10,2,3,8.05,0,0,58,35,45,18.6,13,16.4,181
2015-02-11,2,4,3.8,0.21,1,46,30,45.1,18.8,0.9,11.2,177
2015-02-12,2,5,6.49,0,0,61,28,45.3,18.9,15.7,9.1,180
2015-02-13,2,6,4.03,0,0,62,33,45.4,19.1,16.6,13.9,186
2015-02-14,2,7,5.14,0,0,62,32,45.6,19.2,16.4,12.8,149
2015-02-15,2,1,7.38,0.09,1,45,26,45.8,19.4,-0.8,6.6,150
2015-02-16,2,2,5.59,0.46,1,28,17,46,19.6,-18,-2.6,111
2015-02-17,2,3,7.61,0,0,33,11,46.2,19.8,-13.2,-8.8,122
2015-02-18,2,4,6.04,0,0,47,11,46.4,20,0.6,-9,155
2015-02-19,2,5,8.05,0,0,60,31,46.7,20.2,13.3,10.8,159
2015-02-20,2,6,9.4,0,0,53,28,46.9,20.4,6.1,7.6,178
2015-02-21,2,7,8.05,0.13,1,31,13,47.2,20.6,-16.2,-7.6,119
2015-02-22,2,1,6.93,0.02,1,13,8,47.5,20.8,-34.5,-12.8,75
2015-02-23,2,2,3.8,0.11,1,20,5,47.7,21.1,-27.7,-16.1,120
2015-02-24,2,3,6.04,0,0,39,5,48,21.3,-9,-16.3,167
2015-02-25,2,4,8.95,0.11,1,41,15,48.3,21.6,-7.3,-6.6,113
2015-02-26,2,5,7.16,0.01,1,17,4,48.6,21.8,-31.6,-17.8,109
2015-02-27,2,6,5.59,0,0,21,-1,48.9,22.1,-27.9,-23.1,157
2015-02-28,2,7,4.03,0,0,22,-2,49.2,22.4,-27.2,-24.4,172
2015-03-01,3,1,4.47,0,0,26,6,49.5,22.6,-23.5,-16.6,160
2015-03-02,3,2,5.59,0,0,45,12,49.8,22.9,-4.8,-10.9,136
2015-03-03,3,3,8.5,0.01,1,43,16,50.1,23.1,-7.1,-7.1,163
2015-03-04,3,4,6.71,0,0,18,6,50.4,23.4,-32.4,-17.4,180
2015-03-05,3,5,5.82,0,0,44,7,50.8,23.7,-6.8,-16.7,137
2015-03-06,3,6,5.82,0,0,49,22,51.1,23.9,-2.1,-1.9,170
2015-03-07,3,7,8.72,0,0,50,25,51.4,24.2,-1.4,0.8,170
2015-03-08,3,1,6.26,0,0,49,27,51.6,24.5,-2.6,2.5,129
2015-03-09,3,2,5.37,0,0,57,29,51.9,24.7,5.1,4.3,180
2015-03-10,3,3,5.82,0,0,58,29,52.2,25,5.8,4,190
2015-03-11,3,4,8.5,0,0,66,33,52.5,25.3,13.5,7.7,198
2015-03-12,3,5,6.26,0,0,61,37,52.8,25.5,8.2,11.5,214
2015-03-13,3,6,7.16,0,0,57,39,53,25.8,4,13.2,160
2015-03-14,3,7,9.17,0,0,68,29,53.3,26,14.7,3,182
2015-03-15,3,1,8.95,0,0,77,40,53.6,26.3,23.4,13.7,182
2015-03-16,3,2,9.17,0,0,78,41,53.8,26.5,24.2,14.5,160
2015-03-17,3,3,13.65,0,0,56,36,54.1,26.7,1.9,9.3,155
2015-03-18,3,4,6.71,0.15,1,65,32,54.3,27,10.7,5,193
2015-03-19,3,5,6.04,0.51,1,44,33,54.5,27.2,-10.5,5.8,159
2015-03-20,3,6,6.04,0,0,63,32,54.7,27.4,8.3,4.6,209
2015-03-21,3,7,7.61,0,0,67,31,55,27.7,12,3.3,163
2015-03-22,3,1,7.83,0,0,69,40,55.2,27.9,13.8,12.1,155
2015-03-23,3,2,14.99,0,0,68,39,55.4,28.1,12.6,10.9,174
2015-03-24,3,3,9.84,0,0,63,37,55.6,28.3,7.4,8.7,179
2015-03-25,3,4,7.61,0.14,1,45,30,55.8,28.6,-10.8,1.4,138
2015-03-26,3,5,8.05,0,0,59,27,56,28.8,3,-1.8,212
2015-03-27,3,6,8.95,0,0,67,36,56.2,29,10.8,7,212
2015-03-28,3,7,9.17,0,0,76,46,56.4,29.2,19.6,16.8,183
2015-03-29,3,1,9.84,0,0,63,38,56.6,29.5,6.4,8.5,156
2015-03-30,3,2,6.71,0,0,72,36,56.8,29.7,15.2,6.3,155
2015-03-31,3,3,7.61,0,0,75,38,57,29.9,18,8.1,177
2015-04-01,4,4,9.17,0,0,68,41,57.2,30.1,10.8,10.9,194
2015-04-02,4,5,12.3,0.01,1,54,28,57.4,30.4,-3.4,-2.4,178
2015-04-03,4,6,6.93,0.02,1,47,27,57.6,30.6,-10.6,-3.6,173
2015-04-04,4,7,7.61,0,0,64,26,57.8,30.8,6.2,-4.8,178
2015-04-05,4,1,6.26,0,0,72,28,58.1,31.1,13.9,-3.1,150
2015-04-06,4,2,10.96,0,0,74,40,58.3,31.3,15.7,8.7,186
2015-04-07,4,3,9.17,0,0,67,38,58.5,31.6,8.5,6.4,188
2015-04-08,4,4,8.95,0.15,1,64,34,58.7,31.8,5.3,2.2,192
2015-04-09,4,5,8.05,0,0,49,32,59,32.1,-10,-0.1,165
2015-04-10,4,6,7.61,0,0,63,33,59.2,32.4,3.8,0.6,217
2015-04-11,4,7,7.38,0,0,68,35,59.5,32.6,8.5,2.4,180
2015-04-12,4,1,12.75,0,0,66,39,59.7,32.9,6.3,6.1,163
2015-04-13,4,2,10.29,0,0,67,32,60,33.2,7,-1.2,179
2015-04-14,4,3,12.53,0,0,74,38,60.3,33.5,13.7,4.5,191
2015-04-15,4,4,13.42,0,0,64,36,60.5,33.8,3.5,2.2,203
2015-04-16,4,5,9.4,0.95,1,36,31,60.8,34.1,-24.8,-3.1,164
2015-04-17,4,6,6.04,0.27,1,48,32,61.1,34.4,-13.1,-2.4,188
2015-04-18,4,7,8.05,0.09,1,51,35,61.4,34.7,-10.4,0.3,238
2015-04-19,4,1,9.62,0.07,1,47,33,61.7,35,-14.7,-2,249
2015-04-20,4,2,5.82,0.01,1,54,30,62,35.3,-8,-5.3,215
2015-04-21,4,3,6.04,0,0,65,33,62.3,35.6,2.7,-2.6,180
2015-04-22,4,4,7.83,0.1,1,68,37,62.7,36,5.3,1,183
2015-04-23,4,5,10.07,0,0,68,42,63,36.3,5,5.7,180
2015-04-24,4,6,7.61,0,0,63,36,63.3,36.6,-0.3,-0.6,188
2015-04-25,4,7,8.28,0.02,1,67,37,63.6,37,3.4,0,175
2015-04-26,4,1,6.93,0.9,1,47,38,64,37.3,-17,0.7,147
2015-04-27,4,2,5.59,0.08,1,45,36,64.3,37.6,-19.3,-1.6,195
2015-04-28,4,3,4.25,0,0,61,35,64.6,38,-3.6,-3,176
2015-04-29,4,4,5.82,0,0,72,37,65,38.3,7,-1.3,219
2015-04-30,4,5,7.61,0.06,1,76,48,65.3,38.7,10.7,9.3,180
2015-05-01,5,6,4.92,0.04,1,66,47,65.6,39,0.4,8,192
2015-05-02,5,7,7.61,0,0,74,48,66,39.3,8,8.7,213
2015-05-03,5,1,9.17,0,0,74,46,66.3,39.7,7.7,6.3,195
2015-05-04,5,2,5.82,0.27,1,62,49,66.6,40,-4.6,9,180
2015-05-05,5,3,6.04,0.34,1,53,47,67,40.4,-14,6.6,163
2015-05-06,5,4,3.58,0.02,1,62,47,67.3,40.7,-5.3,6.3,207
2015-05-07,5,5,6.71,0.11,1,59,43,67.6,41,-8.6,2,188
2015-05-08,5,6,6.93,0.78,1,54,44,68,41.4,-14,2.6,173
2015-05-09,5,7,11.41,1.09,1,46,26,68.3,41.7,-22.3,-15.7,162
2015-05-10,5,1,5.14,0.05,1,40,25,68.6,42,-28.6,-17,132
2015-05-11,5,2,8.5,0,0,56,30,68.9,42.3,-12.9,-12.3,156
2015-05-12,5,3,11.63,0,0,70,37,69.2,42.6,0.8,-5.6,148
2015-05-13,5,4,8.72,0,0,63,45,69.6,43,-6.6,2,156
2015-05-14,5,5,8.05,0,0,71,40,69.9,43.3,1.1,-3.3,182
2015-05-15,5,6,6.71,0.02,1,64,43,70.2,43.6,-6.2,-0.6,200
2015-05-16,5,7,6.26,0.05,1,62,44,70.5,43.9,-8.5,0.1,206
2015-05-17,5,1,6.49,0,0,64,39,70.8,44.2,-6.8,-5.2,195
2015-05-18,5,2,6.49,0.18,1,54,41,71.1,44.5,-17.1,-3.5,166
2015-05-19,5,3,11.18,0.53,1,49,40,71.5,44.8,-22.5,-4.8,184
2015-05-20,5,4,5.82,0.01,1,45,36,71.8,45.1,-26.8,-9.1,165
2015-05-21,5,5,5.82,0,0,55,39,72.1,45.4,-17.1,-6.4,208
2015-05-22,5,6,7.38,0.33,1,60,45,72.4,45.7,-12.4,-0.7,201
2015-05-23,5,7,6.26,0.14,1,62,41,72.7,46,-10.7,-5,199
2015-05-24,5,1,5.82,0,0,60,37,73,46.3,-13,-9.3,166
2015-05-25,5,2,6.71,0.37,1,66,40,73.4,46.6,-7.4,-6.6,172
2015-05-26,5,3,6.71,0.02,1,69,42,73.7,46.9,-4.7,-4.9,174
2015-05-27,5,4,6.49,0,0,75,45,74,47.1,1,-2.1,217
2015-05-28,5,5,6.04,0.02,1,71,-3,74.4,47.4,-3.4,-50.4,191
2015-05-29,5,6,7.61,0,0,67,43,74.7,47.7,-7.7,-4.7,175
2015-05-30,5,7,6.04,0,0,71,43,75,48,-4,-5,205
2015-05-31,5,1,7.16,0,0,83,50,75.4,48.3,7.6,1.7,176
2015-06-01,6,2,8.5,0,0,83,50,75.7,48.6,7.3,1.4,234
2015-06-02,6,3,7.61,0,0,87,54,76.1,48.9,10.9,5.1,213
2015-06-03,6,4,8.5,0.28,1,74,50,76.4,49.2,-2.4,0.8,221
2015-06-04,6,5,7.61,0.02,1,81,52,76.8,49.4,4.2,2.6,170
2015-06-05,6,6,5.82,0.97,1,68,53,77.2,49.7,-9.2,3.3,191
2015-06-06,6,7,7.16,0.01,1,74,51,77.6,50,-3.6,1,181
2015-06-07,6,1,7.16,0.04,1,73,51,77.9,50.3,-4.9,0.7,130
2015-06-08,6,2,5.82,0,0,79,50,78.3,50.6,0.7,-0.6,207
2015-06-09,6,3,6.04,0,0,83,54,78.7,50.9,4.3,3.1,178
2015-06-10,6,4,4.47,0.09,1,74,59,79.1,51.2,-5.1,7.8,192
2015-06-11,6,5,7.61,1.75,1,75,53,79.5,51.5,-4.5,1.5,142
2015-06-12,6,6,4.92,0.86,1,70,54,79.9,51.8,-9.9,2.2,178
2015-06-13,6,7,7.83,0.34,1,81,53,80.3,52.1,0.7,0.9,210
2015-06-14,6,1,7.38,0,0,80,55,80.7,52.4,-0.7,2.6,169
2015-06-15,6,2,5.37,0,0,71,52,81.1,52.7,-10.1,-0.7,163
2015-06-16,6,3,11.86,0.03,1,83,57,81.5,53,1.5,4,181
2015-06-17,6,4,6.71,0.04,1,83,54,81.9,53.3,1.1,0.7,210
2015-06-18,6,5,7.83,0,0,77,60,82.3,53.6,-5.3,6.4,201
2015-06-19,6,6,8.5,0,0,91,59,82.6,53.9,8.4,5.1,195
2015-06-20,6,7,8.05,0,0,83,59,83,54.2,0,4.8,186
2015-06-21,6,1,11.86,0,0,92,59,83.4,54.5,8.6,4.5,181
2015-06-22,6,2,9.4,0,0,78,59,83.8,54.7,-5.8,4.3,211
2015-06-23,6,3,8.5,0.08,1,90,59,84.1,55,5.9,4,197
2015-06-24,6,4,10.51,0.52,1,89,61,84.5,55.3,4.5,5.7,180
2015-06-25,6,5,7.61,0.24,1,86,57,84.8,55.6,1.2,1.4,214
2015-06-26,6,6,6.26,0,0,77,57,85.2,55.8,-8.2,1.2,196
2015-06-27,6,7,6.04,0,0,85,57,85.5,56.1,-0.5,0.9,198
2015-06-28,6,1,6.26,0,0,88,57,85.8,56.3,2.2,0.7,216
2015-06-29,6,2,6.71,0,0,85,60,86.1,56.6,-1.1,3.4,201
2015-06-30,6,3,6.71,0,0,91,58,86.4,56.8,4.6,1.2,173
2015-07-01,7,4,6.71,0,0,87,61,86.7,57.1,0.3,3.9,212
2015-07-02,7,5,6.93,0.07,1,80,56,86.9,57.3,-6.9,-1.3,185
2015-07-03,7,6,5.59,0,0,83,56,87.2,57.5,-4.2,-1.5,220
2015-07-04,7,7,8.05,0.02,1,92,60,87.4,57.7,4.6,2.3,198
2015-07-05,7,1,5.82,0.1,1,89,60,87.6,57.9,1.4,2.1,189
2015-07-06,7,2,7.38,0.04,1,64,58,87.8,58.1,-23.8,-0.1,169
2015-07-07,7,3,12.97,0.16,1,69,57,87.9,58.3,-18.9,-1.3,216
2015-07-08,7,4,7.16,0.09,1,69,56,88.1,58.4,-19.1,-2.4,192
2015-07-09,7,5,5.14,0.03,1,78,53,88.2,58.6,-10.2,-5.6,183
2015-07-10,7,6,6.26,0,0,83,53,88.4,58.7,-5.4,-5.7,211
2015-07-11,7,7,5.59,0,0,86,54,88.5,58.9,-2.5,-4.9,192
2015-07-12,7,1,7.16,0,0,89,56,88.6,59,0.4,-3,200
2015-07-13,7,2,6.49,0,0,85,61,88.6,59.1,-3.6,1.9,217
2015-07-14,7,3,6.93,0.01,1,87,61,88.7,59.2,-1.7,1.8,179
2015-07-15,7,4,6.71,0,0,86,56,88.7,59.3,-2.7,-3.3,193
2015-07-16,7,5,6.93,0.06,1,87,55,88.7,59.4,-1.7,-4.4,204
2015-07-17,7,6,7.61,0,0,89,55,88.8,59.5,0.2,-4.5,226
2015-07-18,7,7,7.61,0.33,1,87,52,88.8,59.5,-1.8,-7.5,218
2015-07-19,7,1,5.82,0,0,80,54,88.7,59.6,-8.7,-5.6,208
2015-07-20,7,2,7.16,0.04,1,81,61,88.7,59.6,-7.7,1.4,169
2015-07-21,7,3,7.38,0.02,1,78,59,88.7,59.7,-10.7,-0.7,157
2015-07-22,7,4,6.71,0,0,87,57,88.6,59.7,-1.6,-2.7,180
2015-07-23,7,5,6.71,0,0,92,59,88.6,59.7,3.4,-0.7,200
2015-07-24,7,6,8.72,0,0,86,62,88.5,59.7,-2.5,2.3,216
2015-07-25,7,7,6.93,0,0,90,64,88.4,59.7,1.6,4.3,201
2015-07-26,7,1,7.83,0,0,89,62,88.3,59.7,0.7,2.3,203
2015-07-27,7,2,10.51,0,0,94,60,88.2,59.7,5.8,0.3,187
2015-07-28,7,3,12.08,0,0,87,59,88.1,59.7,-1.1,-0.7,201
2015-07-29,7,4,12.97,0,0,82,56,88,59.6,-6,-3.6,173
2015-07-30,7,5,8.05,0,0,88,59,87.9,59.6,0.1,-0.6,182
2015-07-31,7,6,7.61,0,0,88,58,87.8,59.6,0.2,-1.6,206
2015-08-01,8,7,10.51,0,0,93,64,87.7,59.5,5.3,4.5,220
2015-08-02,8,1,8.72,0.14,1,91,63,87.6,59.4,3.4,3.6,181
2015-08-03,8,2,8.5,0,0,81,61,87.5,59.4,-6.5,1.6,200
2015-08-04,8,3,7.16,0,0,89,56,87.4,59.3,1.6,-3.3,178
2015-08-05,8,4,9.62,0,0,93,57,87.3,59.2,5.7,-2.2,196
2015-08-06,8,5,5.82,0,0,90,62,87.1,59.1,2.9,2.9,187
2015-08-07,8,6,9.17,0,0,91,62,87,59,4,3,195
2015-08-08,8,7,6.49,0,0,84,62,86.9,58.9,-2.9,3.1,224
2015-08-09,8,1,6.26,0,0,87,59,86.8,58.8,0.2,0.2,159
2015-08-10,8,2,9.4,2.2,1,88,55,86.6,58.7,1.4,-3.7,190
2015-08-11,8,3,6.49,0.03,1,84,63,86.5,58.5,-2.5,4.5,194
2015-08-12,8,4,6.71,0,0,88,60,86.4,58.4,1.6,1.6,171
2015-08-13,8,5,8.72,0.01,1,90,63,86.3,58.3,3.7,4.7,202
2015-08-14,8,6,9.4,0,0,91,60,86.1,58.1,4.9,1.9,202
2015-08-15,8,7,7.38,0.01,1,95,66,86,57.9,9,8.1,183
2015-08-16,8,1,10.29,0.11,1,85,62,85.9,57.8,-0.9,4.2,205
2015-08-17,8,2,8.95,0.13,1,81,60,85.7,57.6,-4.7,2.4,187
2015-08-18,8,3,7.38,0.09,1,71,49,85.6,57.4,-14.6,-8.4,185
2015-08-19,8,4,5.82,0.1,1,69,49,85.4,57.2,-16.4,-8.2,154
2015-08-20,8,5,6.93,0,0,84,52,85.3,57,-1.3,-5,220
2015-08-21,8,6,6.04,0,0,89,56,85.1,56.8,3.9,-0.8,218
2015-08-22,8,7,9.17,0,0,89,54,84.9,56.5,4.1,-2.5,171
2015-08-23,8,1,5.82,0,0,77,47,84.8,56.3,-7.8,-9.3,197
2015-08-24,8,2,5.37,0,0,90,53,84.6,56,5.4,-3,247
2015-08-25,8,3,9.4,0,0,93,56,84.4,55.8,8.6,0.2,211
2015-08-26,8,4,10.74,0,0,93,62,84.2,55.5,8.8,6.5,206
2015-08-27,8,5,7.61,0.05,1,85,60,84,55.2,1,4.8,205
2015-08-28,8,6,6.49,0,0,82,56,83.8,54.9,-1.8,1.1,211
2015-08-29,8,7,10.29,0,0,87,55,83.5,54.6,3.5,0.4,185
2015-08-30,8,1,8.5,0,0,91,62,83.3,54.3,7.7,7.7,170
2015-08-31,8,2,5.37,0.01,1,84,57,83,53.9,1,3.1,192
2015-09-01,9,3,7.83,0,0,87,55,82.7,53.6,4.3,1.4,223
2015-09-02,9,4,7.16,0,0,89,65,82.5,53.2,6.5,11.8,186
2015-09-03,9,5,6.49,0.27,1,84,58,82.2,52.9,1.8,5.1,167
2015-09-04,9,6,7.16,0,0,84,54,81.8,52.5,2.2,1.5,200
2015-09-05,9,7,8.95,0,0,84,63,81.5,52.1,2.5,10.9,207
2015-09-06,9,1,7.61,0,0,84,56,81.2,51.7,2.8,4.3,216
2015-09-07,9,2,6.93,0,0,80,54,80.8,51.3,-0.8,2.7,165
2015-09-08,9,3,7.16,0,0,79,51,80.5,50.9,-1.5,0.1,186
2015-09-09,9,4,5.37,0,0,86,51,80.1,50.5,5.9,0.5,173
2015-09-10,9,5,5.14,0,0,86,50,79.7,50,6.3,0,189
2015-09-11,9,6,6.04,0,0,76,52,79.3,49.6,-3.3,2.4,204
2015-09-12,9,7,6.49,0,0,84,50,78.9,49.2,5.1,0.8,192
2015-09-13,9,1,8.95,0,0,89,54,78.5,48.7,10.5,5.3,189
2015-09-14,9,2,7.61,0,0,88,52,78.1,48.3,9.9,3.7,180
2015-09-15,9,3,10.96,0,0,85,60,77.6,47.8,7.4,12.2,181
2015-09-16,9,4,8.5,0,0,87,56,77.2,47.3,9.8,8.7,229
2015-09-17,9,5,10.07,0,0,81,51,76.8,46.9,4.2,4.1,230
2015-09-18,9,6,7.83,0,0,70,48,76.3,46.4,-6.3,1.6,208
2015-09-19,9,7,9.17,0,0,79,48,75.9,46,3.1,2,183
2015-09-20,9,1,4.92,0,0,82,44,75.4,45.5,6.6,-1.5,176
2015-09-21,9,2,6.71,0,0,86,49,74.9,45.1,11.1,3.9,204
2015-09-22,9,3,6.93,0,0,77,56,74.5,44.6,2.5,11.4,199
2015-09-23,9,4,6.04,0,0,80,56,74,44.1,6,11.9,182
2015-09-24,9,5,5.37,0,0,82,52,73.6,43.7,8.4,8.3,177
2015-09-25,9,6,5.59,0,0,83,48,73.1,43.3,9.9,4.7,182
2015-09-26,9,7,6.93,0,0,87,48,72.7,42.8,14.3,5.2,170
2015-09-27,9,1,6.71,0,0,87,52,72.2,42.4,14.8,9.6,162
2015-09-28,9,2,6.93,0.01,1,81,54,71.8,42,9.2,12,197
2015-09-29,9,3,10.51,0.1,1,78,53,71.3,41.5,6.7,11.5,183
2015-09-30,9,4,5.82,0,0,79,55,70.9,41.1,8.1,13.9,213
2015-10-01,10,5,8.28,0,0,83,55,70.4,40.7,12.6,14.3,238
2015-10-02,10,6,12.08,0,0,,,70,40.3,-70,-40.3,218
2015-10-03,10,7,9.17,0,0,69,49,69.6,39.9,-0.6,9.1,189
2015-10-04,10,1,6.93,0,0,65,46,69.2,39.6,-4.2,6.4,154
2015-10-05,10,2,4.92,0.14,1,73,43,68.8,39.2,4.2,3.8,167
2015-10-06,10,3,4.47,0.12,1,60,47,68.4,38.8,-8.4,8.2,197
2015-10-07,10,4,5.14,0,0,73,47,68,38.5,5,8.5,232
2015-10-08,10,5,5.82,0,0,77,44,67.6,38.1,9.4,5.9,199
2015-10-09,10,6,5.14,0,0,74,47,67.3,37.8,6.7,9.2,226
2015-10-10,10,7,5.82,0,0,83,47,66.9,37.5,16.1,9.5,202
2015-10-11,10,1,9.17,0,0,83,52,66.5,37.1,16.5,14.9,191
2015-10-12,10,2,8.5,0,0,78,43,66.2,36.8,11.8,6.2,184
2015-10-13,10,3,6.26,0,0,79,44,65.8,36.5,13.2,7.5,196
2015-10-14,10,4,5.37,0,0,82,46,65.5,36.2,16.5,9.8,206
2015-10-15,10,5,7.38,0,0,65,39,65.2,35.9,-0.2,3.1,217
2015-10-16,10,6,9.62,0,0,69,43,64.8,35.6,4.2,7.4,211
2015-10-17,10,7,7.61,0,0,78,42,64.5,35.3,13.5,6.7,191
2015-10-18,10,1,8.05,0.01,1,77,50,64.2,35,12.8,15,174
2015-10-19,10,2,6.93,0,0,72,47,63.8,34.7,8.2,12.3,174
2015-10-20,10,3,6.71,0.1,1,71,46,63.5,34.4,7.5,11.6,191
2015-10-21,10,4,6.49,0.65,1,49,41,63.2,34.1,-14.2,6.9,140
2015-10-22,10,5,2.91,0.67,1,45,41,62.8,33.8,-17.8,7.2,201
2015-10-23,10,6,6.93,0,0,56,37,62.5,33.5,-6.5,3.5,201
2015-10-24,10,7,6.26,0,0,62,35,62.2,33.2,-0.2,1.8,188
2015-10-25,10,1,6.26,0,0,70,38,61.8,32.9,8.2,5.1,178
2015-10-26,10,2,6.93,0,0,60,41,61.4,32.6,-1.4,8.4,194
2015-10-27,10,3,8.5,0,0,61,33,61.1,32.3,-0.1,0.7,188
2015-10-28,10,4,5.37,0,0,61,29,60.7,32,0.3,-3,201
2015-10-29,10,5,5.14,0,0,59,36,60.3,31.7,-1.3,4.3,185
2015-10-30,10,6,7.38,0,0,48,35,60,31.3,-12,3.7,201
2015-10-31,10,7,8.05,0,0,64,34,59.6,31,4.4,3,183
2015-11-01,11,1,7.83,0,0,71,43,59.2,30.7,11.8,12.3,235
2015-11-02,11,2,5.82,0,0,74,41,58.7,30.3,15.3,10.7,161
2015-11-03,11,3,13.87,0,0,72,42,58.3,30,13.7,12,168
2015-11-04,11,4,10.51,0.14,1,57,40,57.9,29.6,-0.9,10.4,164
2015-11-05,11,5,5.37,0.13,1,47,30,57.4,29.2,-10.4,0.8,178
2015-11-06,11,6,7.38,0,0,45,27,57,28.8,-12,-1.8,202
2015-11-07,11,7,5.82,0,0,56,23,56.5,28.4,-0.5,-5.4,170
2015-11-08,11,1,3.8,0,0,69,26,56,28,13,-2,151
2015-11-09,11,2,6.04,0,0,59,26,55.6,27.6,3.4,-1.6,199
2015-11-10,11,3,13.2,0,0,65,35,55.1,27.2,9.9,7.8,167
2015-11-11,11,4,13.65,0.2,1,42,26,54.6,26.8,-12.6,-0.8,197
2015-11-12,11,5,6.49,0,0,50,20,54.1,26.4,-4.1,-6.4,175
2015-11-13,11,6,5.82,0,0,59,22,53.6,26,5.4,-4,197
2015-11-14,11,7,4.92,0,0,65,26,53.1,25.6,11.9,0.4,181
2015-11-15,11,1,6.93,0,0,62,28,52.5,25.1,9.5,2.9,196
2015-11-16,11,2,11.63,0.41,1,51,31,52,24.7,-1,6.3,167
2015-11-17,11,3,15.21,0.13,1,40,28,51.5,24.3,-11.5,3.7,141
2015-11-18,11,4,16.11,0,0,49,21,51,23.8,-2,-2.8,191
2015-11-19,11,5,10.74,0,0,45,22,50.5,23.4,-5.5,-1.4,182
2015-11-20,11,6,10.07,0.02,1,53,20,50,23,3,-3,160
2015-11-21,11,7,6.71,0,0,41,10,49.5,22.6,-8.5,-12.6,172
2015-11-22,11,1,5.59,0,0,61,23,49,22.1,12,0.9,159
2015-11-23,11,2,5.82,0,0,57,26,48.5,21.7,8.5,4.3,164
2015-11-24,11,3,7.83,0,0,61,30,48.1,21.3,12.9,8.7,165
2015-11-25,11,4,6.49,0,0,49,24,47.6,20.9,1.4,3.1,168
2015-11-26,11,5,7.83,0.02,1,25,13,47.2,20.6,-22.2,-7.6,95
2015-11-27,11,6,4.03,0,0,20,2,46.7,20.2,-26.7,-18.2,140
2015-11-28,11,7,2.91,0,0,21,10,46.3,19.8,-25.3,-9.8,167
2015-11-29,11,1,2.91,0.13,1,25,18,45.9,19.5,-20.9,-1.5,154
2015-11-30,11,2,5.59,0.05,1,29,14,45.6,19.1,-16.6,-5.1,144
2015-12-01,12,3,6.93,0,0,39,14,45.2,18.8,-6.2,-4.8,171
2015-12-02,12,4,5.14,0,0,49,20,44.9,18.5,4.1,1.5,162
2015-12-03,12,5,10.07,0,0,45,23,44.6,18.2,0.4,4.8,178
2015-12-04,12,6,5.82,0,0,60,26,44.3,18,15.7,8,157
2015-12-05,12,7,6.71,0,0,43,22,44,17.7,-1,4.3,183
2015-12-06,12,1,6.49,0,0,51,21,43.8,17.5,7.2,3.5,121
2015-12-07,12,2,8.72,0,0,53,29,43.5,17.3,9.5,11.7,169
2015-12-08,12,3,9.17,0,0,57,33,43.3,17.1,13.7,15.9,172
2015-12-09,12,4,11.63,0,0,63,34,43.2,16.9,19.8,17.1,188
2015-12-10,12,5,13.42,0,0,65,31,43,16.7,22,14.3,194
2015-12-11,12,6,10.07,0,0,51,30,42.9,16.6,8.1,13.4,204
2015-12-12,12,7,6.93,0.06,1,31,23,42.8,16.4,-11.8,6.6,170
2015-12-13,12,1,5.82,0,0,44,18,42.7,16.3,1.3,1.7,172
2015-12-14,12,2,6.49,0,0,48,25,42.7,16.2,5.3,8.8,162
2015-12-15,12,3,12.3,0.09,1,26,8,42.6,16.2,-16.6,-8.2,124
2015-12-16,12,4,7.61,0,0,32,6,42.6,16.1,-10.6,-10.1,108
2015-12-17,12,5,8.05,0,0,22,8,42.6,16.1,-20.6,-8.1,136
2015-12-18,12,6,5.82,0,0,49,10,42.6,16,6.4,-6,156
2015-12-19,12,7,10.96,0,0,53,25,42.7,16,10.3,9,177
2015-12-20,12,1,9.84,0,0,50,30,42.7,16,7.3,14,163
2015-12-21,12,2,8.72,0,0,44,23,42.8,16,1.2,7,168
2015-12-22,12,3,9.17,0,0,50,26,42.8,16.1,7.2,9.9,191
2015-12-23,12,4,11.18,0,0,40,24,42.9,16.1,-2.9,7.9,187
2015-12-24,12,5,8.72,0,0,34,12,43,16.1,-9,-4.1,151
2015-12-25,12,6,7.61,0.05,1,28,16,43.1,16.2,-15.1,-0.2,101
2015-12-26,12,7,7.61,0,0,19,7,43.2,16.2,-24.2,-9.2,124
2015-12-27,12,1,6.26,0,0,29,3,43.3,16.3,-14.3,-13.3,139
2015-12-28,12,2,3.58,0,0,31,3,43.4,16.4,-12.4,-13.4,174
2015-12-29,12,3,2.46,0,0,25,6,43.6,16.4,-18.6,-10.4,156
2015-12-30,12,4,3.13,0,0,29,1,43.7,16.5,-14.7,-15.5,179
2015-12-31,12,5,3.58,0,0,25,4,43.8,16.6,-18.8,-12.6,194
2016-01-01,1,6,4.25,0,0,36,2,43.9,16.7,-7.9,-14.7,231
2016-01-02,1,7,3.13,0,0,43,8,44,16.7,-1,-8.7,182
2016-01-03,1,1,4.7,0,0,48,14,44.1,16.8,3.9,-2.8,160
2016-01-04,1,2,3.13,0,0,51,21,44.2,16.9,6.8,4.1,179
2016-01-05,1,3,6.26,0,0,46,24,44.3,17,1.7,7,235
2016-01-06,1,4,5.37,0,0,45,23,44.4,17,0.6,6,234
2016-01-07,1,5,2.68,0.09,1,34,27,44.5,17.1,-10.5,9.9,187
2016-01-08,1,6,4.92,0.1,1,30,20,44.5,17.2,-14.5,2.8,176
2016-01-09,1,7,3.36,0,0,27,10,44.6,17.2,-17.6,-7.2,152
2016-01-10,1,1,4.25,0,0,33,4,44.6,17.3,-11.6,-13.3,159
2016-01-11,1,2,4.7,0,0,45,11,44.7,17.3,0.3,-6.3,178
2016-01-12,1,3,6.93,0,0,48,16,44.7,17.4,3.3,-1.4,194
2016-01-13,1,4,8.5,0,0,52,21,44.7,17.4,7.3,3.6,173
2016-01-14,1,5,12.75,0,0,43,24,44.7,17.5,-1.7,6.5,172
2016-01-15,1,6,8.28,0,0,33,15,44.7,17.5,-11.7,-2.5,204
2016-01-16,1,7,7.16,0,0,35,12,44.7,17.5,-9.7,-5.5,187
2016-01-17,1,1,7.61,0,0,44,15,44.7,17.5,-0.7,-2.5,193
2016-01-18,1,2,6.26,0,0,51,22,44.7,17.6,6.3,4.4,139
2016-01-19,1,3,7.38,0.01,1,40,29,44.7,17.6,-4.7,11.4,179
2016-01-20,1,4,11.18,0,0,48,29,44.7,17.6,3.3,11.4,172
2016-01-21,1,5,8.95,0,0,39,22,44.6,17.6,-5.6,4.4,204
2016-01-22,1,6,7.16,0,0,52,22,44.6,17.6,7.4,4.4,238
2016-01-23,1,7,5.82,0,0,57,32,44.6,17.6,12.4,14.4,185
2016-01-24,1,1,9.17,0,0,50,29,44.5,17.7,5.5,11.3,172
2016-01-25,1,2,7.61,0,0,36,19,44.5,17.7,-8.5,1.3,200
2016-01-26,1,3,7.16,0,0,41,15,44.5,17.7,-3.5,-2.7,143
2016-01-27,1,4,6.04,0,0,51,23,44.4,17.7,6.6,5.3,200
2016-01-28,1,5,5.82,0,0,57,25,44.4,17.7,12.6,7.3,185
2016-01-29,1,6,11.63,0,0,56,37,44.4,17.8,11.6,19.2,191
2016-01-30,1,7,8.5,0.07,1,65,28,44.4,17.8,20.6,10.2,173
2016-01-31,1,1,7.38,0.03,1,32,24,44.4,17.8,-12.4,6.2,141
2016-02-01,2,2,9.17,0.16,1,27,20,44.4,17.9,-17.4,2.1,169
2016-02-02,2,3,13.2,0.01,1,21,9,44.4,17.9,-23.4,-8.9,114
2016-02-03,2,4,9.4,0,0,24,-1,44.4,18,-20.4,-19,132
2016-02-04,2,5,7.83,0,0,36,7,44.5,18,-8.5,-11,186
2016-02-05,2,6,5.82,0,0,35,14,44.5,18.1,-9.5,-4.1,203
2016-02-06,2,7,8.28,0,0,50,15,44.6,18.2,5.4,-3.2,166
2016-02-07,2,1,12.08,0,0,46,19,44.7,18.3,1.3,0.7,168
2016-02-08,2,2,8.28,0,0,43,17,44.7,18.4,-1.7,-1.4,204
2016-02-09,2,3,7.61,0,0,53,23,44.9,18.5,8.1,4.5,183
2016-02-10,2,4,11.41,0,0,65,33,45,18.6,20,14.4,171
2016-02-11,2,5,10.51,0,0,64,32,45.1,18.8,18.9,13.2,203
2016-02-12,2,6,5.59,0,0,60,31,45.3,18.9,14.7,12.1,221
2016-02-13,2,7,7.61,0,0,66,29,45.4,19.1,20.6,9.9,187
2016-02-14,2,1,11.41,0,0,54,29,45.6,19.2,8.4,9.8,161
2016-02-15,2,2,13.65,0,0,58,27,45.8,19.4,12.2,7.6,153
2016-02-16,2,3,9.4,0,0,54,28,46,19.6,8,8.4,176
2016-02-17,2,4,12.53,0,0,68,30,46.2,19.8,21.8,10.2,171
2016-02-18,2,5,20.13,0,0,69,41,46.4,20,22.6,21,228
2016-02-19,2,6,12.08,0,0,66,37,46.7,20.2,19.3,16.8,174
2016-02-20,2,7,9.4,0,0,64,34,46.9,20.4,17.1,13.6,175
2016-02-21,2,1,9.62,0,0,47,25,47.2,20.6,-0.2,4.4,171
2016-02-22,2,2,5.82,0,0,50,25,47.5,20.8,2.5,4.2,168
2016-02-23,2,3,10.74,0.01,1,39,25,47.7,21.1,-8.7,3.9,161
2016-02-24,2,4,7.38,0,0,49,23,48,21.3,1,1.7,196
2016-02-25,2,5,5.59,0,0,49,18,48.3,21.6,0.7,-3.6,191
2016-02-26,2,6,6.71,0,0,61,24,48.6,21.8,12.4,2.2,192
2016-02-27,2,7,8.05,0,0,68,28,48.9,22.1,19.1,5.9,186
2016-02-28,2,1,11.18,0,0,60,37,49.2,22.4,10.8,14.6,177
2016-02-29,2,2,10.07,0,0,61,30,49.4,22.5,11.6,7.5,195
2016-03-01,3,3,6.93,0,0,55,26,49.5,22.6,5.5,3.4,202
2016-03-02,3,4,16.55,0,0,59,36,49.8,22.9,9.2,13.1,204
2016-03-03,3,5,8.95,0,0,61,26,50.1,23.1,10.9,2.9,242
2016-03-04,3,6,8.72,0,0,61,30,50.4,23.4,10.6,6.6,201
2016-03-05,3,7,13.87,0,0,64,37,50.8,23.7,13.2,13.3,194
2016-03-06,3,1,6.93,0,0,66,33,51.1,23.9,14.9,9.1,168
2016-03-07,3,2,11.41,0.17,1,52,32,51.4,24.2,0.6,7.8,189
2016-03-08,3,3,4.25,0,0,47,26,51.6,24.5,-4.6,1.5,188
2016-03-09,3,4,5.82,0,0,55,24,51.9,24.7,3.1,-0.7,182
2016-03-10,3,5,8.28,0,0,65,30,52.2,25,12.8,5,227
2016-03-11,3,6,10.07,0,0,73,36,52.5,25.3,20.5,10.7,237
2016-03-12,3,7,10.74,0,0,63,37,52.8,25.5,10.2,11.5,199
2016-03-13,3,1,8.5,0,0,61,36,53,25.8,8,10.2,162
2016-03-14,3,2,13.42,0,0,64,38,53.3,26,10.7,12,186
2016-03-15,3,3,12.97,0,0,45,30,53.6,26.3,-8.6,3.7,164
2016-03-16,3,4,11.41,0,0,47,27,53.8,26.5,-6.8,0.5,201
2016-03-17,3,5,8.5,0.12,1,37,24,54.1,26.7,-17.1,-2.7,161
2016-03-18,3,6,6.04,0.04,1,28,16,54.3,27,-26.3,-11,150
2016-03-19,3,7,5.82,0,0,34,17,54.5,27.2,-20.5,-10.2,145
2016-03-20,3,1,8.05,0,0,58,18,54.7,27.4,3.3,-9.4,165
2016-03-21,3,2,6.71,0,0,70,40,55,27.7,15,12.3,171
2016-03-22,3,3,14.76,0,0,70,41,55.2,27.9,14.8,13.1,180
2016-03-23,3,4,17.67,2.05,1,45,20,55.4,28.1,-10.4,-8.1,78
2016-03-24,3,5,6.26,0,0,44,15,55.6,28.3,-11.6,-13.3,141
2016-03-25,3,6,7.61,0.05,1,47,25,55.8,28.6,-8.8,-3.6,187
2016-03-26,3,7,6.71,0.04,1,30,19,56,28.8,-26,-9.8,192
2016-03-27,3,1,10.29,0,0,46,18,56.2,29,-10.2,-11,154
2016-03-28,3,2,10.29,0,0,58,30,56.4,29.2,1.6,0.8,148
2016-03-29,3,3,7.83,0.01,1,56,37,56.6,29.5,-0.6,7.5,176
2016-03-30,3,4,9.84,0.07,1,47,25,56.8,29.7,-9.8,-4.7,145
2016-03-31,3,5,7.83,0.06,1,39,25,57,29.9,-18,-4.9,194
2016-04-01,4,6,6.04,0,0,48,21,57.2,30.1,-9.2,-9.1,200
2016-04-02,4,7,8.05,0,0,62,32,57.4,30.4,4.6,1.6,192
2016-04-03,4,1,6.93,0,0,67,34,57.6,30.6,9.4,3.4,179
2016-04-04,4,2,5.59,0,0,71,37,57.8,30.8,13.2,6.2,206
2016-04-05,4,3,13.87,0,0,67,35,58.1,31.1,8.9,3.9,182
2016-04-06,4,4,8.5,0,0,43,32,58.3,31.3,-15.3,0.7,203
2016-04-07,4,5,6.49,0,0,62,37,58.5,31.6,3.5,5.4,209
2016-04-08,4,6,6.71,0,0,62,37,58.7,31.8,3.3,5.2,223
2016-04-09,4,7,8.28,0.02,1,70,42,59,32.1,11,9.9,198
2016-04-10,4,1,8.05,0.2,1,65,37,59.2,32.4,5.8,4.6,157
2016-04-11,4,2,5.59,0,0,58,37,59.5,32.6,-1.5,4.4,195
2016-04-12,4,3,7.38,0.21,1,69,36,59.7,32.9,9.3,3.1,197
2016-04-13,4,4,6.04,0,0,70,38,60,33.2,10,4.8,230
2016-04-14,4,5,9.17,0,0,73,45,60.3,33.5,12.7,11.5,203
2016-04-15,4,6,10.96,0.12,1,54,33,60.5,33.8,-6.5,-0.8,224
2016-04-16,4,7,18.12,0.63,1,33,30,60.8,34.1,-27.8,-4.1,185
2016-04-17,4,1,13.65,0.06,1,35,29,61.1,34.4,-26.1,-5.4,122
2016-04-18,4,2,4.7,0,0,39,29,61.4,34.7,-22.4,-5.7,197
2016-04-19,4,3,4.7,0.1,1,46,31,61.7,35,-15.7,-4,190
2016-04-20,4,4,5.14,0,0,51,30,62,35.3,-11,-5.3,225
2016-04-21,4,5,5.37,0,0,60,35,62.3,35.6,-2.3,-0.6,241
2016-04-22,4,6,11.41,0,0,75,43,62.7,36,12.3,7,203
2016-04-23,4,7,13.87,0,0,75,43,63,36.3,12,6.7,184
2016-04-24,4,1,7.83,0,0,66,40,63.3,36.6,2.7,3.4,176
2016-04-25,4,2,13.87,0.09,1,69,44,63.6,37,5.4,7,207
2016-04-26,4,3,9.62,0.01,1,51,33,64,37.3,-13,-4.3,181
2016-04-27,4,4,6.26,0,0,54,28,64.3,37.6,-10.3,-9.6,219
2016-04-28,4,5,7.38,0.06,1,40,33,64.6,38,-24.6,-5,196
2016-04-29,4,6,4.7,0.65,1,34,32,65,38.3,-31,-6.3,173
2016-04-30,4,7,14.54,0.09,1,35,31,65.3,38.7,-30.3,-7.7,172
2016-05-01,5,1,8.28,0.05,1,38,29,65.6,39,-27.6,-10,224
2016-05-02,5,2,2.68,0,0,56,23,66,39.3,-10,-16.3,193
2016-05-03,5,3,8.95,0,0,64,36,66.3,39.7,-2.3,-3.7,168
2016-05-04,5,4,6.04,0,0,73,37,66.6,40,6.4,-3,203
2016-05-05,5,5,8.72,0,0,79,47,67,40.4,12,6.6,218
2016-05-06,5,6,8.72,0,0,78,48,67.3,40.7,10.7,7.3,214
2016-05-07,5,7,10.74,0.06,1,55,37,67.6,41,-12.6,-4,212
2016-05-08,5,1,6.93,0,0,63,36,68,41.4,-5,-5.4,187
2016-05-09,5,2,7.61,0,0,66,42,68.3,41.7,-2.3,0.3,190
2016-05-10,5,3,7.16,0,0,63,44,68.6,42,-5.6,2,186
2016-05-11,5,4,8.72,0,0,58,36,68.9,42.3,-10.9,-6.3,193
2016-05-12,5,5,6.49,0,0,70,35,69.2,42.6,0.8,-7.6,177
2016-05-13,5,6,10.07,0,0,72,44,69.6,43,2.4,1,213
2016-05-14,5,7,7.83,0,0,54,43,69.9,43.3,-15.9,-0.3,200
2016-05-15,5,1,6.04,0,0,60,40,70.2,43.6,-10.2,-3.6,149
2016-05-16,5,2,7.61,0.48,1,47,38,70.5,43.9,-23.5,-5.9,158
2016-05-17,5,3,4.92,0.22,1,47,37,70.8,44.2,-23.8,-7.2,179
2016-05-18,5,4,8.5,0,0,65,40,71.1,44.5,-6.1,-4.5,180
2016-05-19,5,5,6.71,0,0,72,39,71.5,44.8,0.5,-5.8,215
2016-05-20,5,6,10.51,0,0,77,45,71.8,45.1,5.2,-0.1,226
2016-05-21,5,7,14.09,0,0,82,53,72.1,45.4,9.9,7.6,188
2016-05-22,5,1,10.29,0,0,77,51,72.4,45.7,4.6,5.3,192
2016-05-23,5,2,10.51,0,0,69,43,72.7,46,-3.7,-3,173
2016-05-24,5,3,8.95,0,0,76,40,73,46.3,3,-6.3,204
2016-05-25,5,4,6.49,0,0,72,43,73.4,46.6,-1.4,-3.6,209
2016-05-26,5,5,4.92,0.31,1,65,43,73.7,46.9,-8.7,-3.9,206
2016-05-27,5,6,11.41,0.26,1,58,44,74,47.1,-16,-3.1,216
2016-05-28,5,7,6.71,0,0,70,39,74.4,47.4,-4.4,-8.4,188
2016-05-29,5,1,7.61,0,0,77,44,74.7,47.7,2.3,-3.7,159
2016-05-30,5,2,9.4,0,0,77,45,75,48,2,-3,208
2016-05-31,5,3,7.83,0.19,1,69,47,75.4,48.3,-6.4,-1.3,194
2016-06-01,6,4,8.5,0.01,1,73,50,75.7,48.6,-2.7,1.4,235
2016-06-02,6,5,6.93,0,0,79,49,76.1,48.9,2.9,0.1,232
2016-06-03,6,6,7.61,0,0,77,57,76.4,49.2,0.6,7.8,230
2016-06-04,6,7,4.92,0,0,76,54,76.8,49.4,-0.8,4.6,179
2016-06-05,6,1,6.04,0,0,82,51,77.2,49.7,4.8,1.3,189
2016-06-06,6,2,8.28,1.1,1,83,52,77.6,50,5.4,2,173
2016-06-07,6,3,7.16,0.27,1,79,52,77.9,50.3,1.1,1.7,180
2016-06-08,6,4,7.83,0,0,81,54,78.3,50.6,2.7,3.4,203
2016-06-09,6,5,7.16,0,0,86,56,78.7,50.9,7.3,5.1,233
2016-06-10,6,6,8.95,0,0,89,60,79.1,51.2,9.9,8.8,220
2016-06-11,6,7,9.62,0.03,1,89,57,79.5,51.5,9.5,5.5,196
2016-06-12,6,1,5.59,0,0,84,57,79.9,51.8,4.1,5.2,185
2016-06-13,6,2,5.59,0.65,1,78,54,80.3,52.1,-2.3,1.9,183
2016-06-14,6,3,8.05,0,0,80,49,80.7,52.4,-0.7,-3.4,188
2016-06-15,6,4,9.62,0,0,87,51,81.1,52.7,5.9,-1.7,193
2016-06-16,6,5,9.4,0,0,89,57,81.5,53,7.5,4,213
2016-06-17,6,6,5.59,0,0,84,53,81.9,53.3,2.1,-0.3,196
2016-06-18,6,7,11.41,0,0,89,58,82.3,53.6,6.7,4.4,195
2016-06-19,6,1,8.72,0,0,95,61,82.6,53.9,12.4,7.1,174
2016-06-20,6,2,8.5,0.06,1,75,59,83,54.2,-8,4.8,172
2016-06-21,6,3,8.72,0.01,1,96,59,83.4,54.5,12.6,4.5,180
2016-06-22,6,4,8.5,0,0,77,63,83.8,54.7,-6.8,8.3,168
2016-06-23,6,5,8.05,0.08,1,89,62,84.1,55,4.9,7,192
2016-06-24,6,6,8.95,0.03,1,90,59,84.5,55.3,5.5,3.7,168
2016-06-25,6,7,7.38,0,0,82,62,84.8,55.6,-2.8,6.4,174
2016-06-26,6,1,8.28,0,0,89,55,85.2,55.8,3.8,-0.8,184
2016-06-27,6,2,6.71,0,0,90,58,85.5,56.1,4.5,1.9,173
2016-06-28,6,3,7.61,0.22,1,90,57,85.8,56.3,4.2,0.7,137
2016-06-29,6,4,7.38,0.04,1,89,53,86.1,56.6,2.9,-3.6,183
2016-06-30,6,5,6.71,0.16,1,74,59,86.4,56.8,-12.4,2.2,186
2016-07-01,7,6,5.82,0.1,1,75,59,86.7,57.1,-11.7,1.9,191
2016-07-02,7,7,6.04,0.07,1,77,60,86.9,57.3,-9.9,2.7,171
2016-07-03,7,1,6.71,0,0,86,58,87.2,57.5,-1.2,0.5,175
2016-07-04,7,2,10.51,0,0,88,59,87.4,57.7,0.6,1.3,195
2016-07-05,7,3,5.82,0.03,1,89,59,87.6,57.9,1.4,1.1,187
2016-07-06,7,4,7.83,0,0,93,57,87.8,58.1,5.2,-1.1,188
2016-07-07,7,5,7.38,0,0,87,59,87.9,58.3,-0.9,0.7,182
2016-07-08,7,6,13.65,0,0,87,61,88.1,58.4,-1.1,2.6,165
2016-07-09,7,7,7.61,0,0,94,58,88.2,58.6,5.8,-0.6,174
2016-07-10,7,1,10.07,0,0,98,64,88.4,58.7,9.6,5.3,170
2016-07-11,7,2,8.72,0,0,85,61,88.5,58.9,-3.5,2.1,157
2016-07-12,7,3,9.62,0,0,89,56,88.6,59,0.4,-3,163
2016-07-13,7,4,7.38,0,0,89,57,88.6,59.1,0.4,-2.1,195
2016-07-14,7,5,6.93,0,0,85,59,88.7,59.2,-3.7,-0.2,201
2016-07-15,7,6,10.29,0.22,1,88,61,88.7,59.3,-0.7,1.7,176
2016-07-16,7,7,8.72,0,0,95,58,88.7,59.4,6.3,-1.4,165
2016-07-17,7,1,7.38,0,0,89,58,88.8,59.5,0.2,-1.5,174
2016-07-18,7,2,8.05,0.11,1,92,59,88.8,59.5,3.2,-0.5,179
2016-07-19,7,3,11.41,0.02,1,92,64,88.7,59.6,3.3,4.4,180
2016-07-20,7,4,6.93,0.02,1,93,59,88.7,59.6,4.3,-0.6,198
2016-07-21,7,5,7.61,0,0,94,60,88.7,59.7,5.3,0.3,193
2016-07-22,7,6,8.95,0,0,93,64,88.6,59.7,4.4,4.3,199
2016-07-23,7,7,8.05,0,0,95,60,88.6,59.7,6.4,0.3,160
2016-07-24,7,1,10.07,0,0,91,61,88.5,59.7,2.5,1.3,156
2016-07-25,7,2,10.51,0,0,93,57,88.4,59.7,4.6,-2.7,184
2016-07-26,7,3,8.5,0,0,91,63,88.3,59.7,2.7,3.3,178
2016-07-27,7,4,8.28,0,0,92,59,88.2,59.7,3.8,-0.7,203
2016-07-28,7,5,8.72,0.03,1,84,59,88.1,59.7,-4.1,-0.7,205
2016-07-29,7,6,8.5,0,0,86,60,88,59.6,-2,0.4,202
2016-07-30,7,7,11.63,0,0,92,63,87.9,59.6,4.1,3.4,197
2016-07-31,7,1,7.61,0.01,1,92,61,87.8,59.6,4.2,1.4,197
2016-08-01,8,2,7.16,0,0,93,62,87.7,59.5,5.3,2.5,207
2016-08-02,8,3,7.83,0,0,93,58,87.6,59.4,5.4,-1.4,176
2016-08-03,8,4,8.05,0.01,1,95,62,87.5,59.4,7.5,2.6,188
2016-08-04,8,5,8.72,0,0,74,63,87.4,59.3,-13.4,3.7,194
2016-08-05,8,6,8.72,0,0,75,59,87.3,59.2,-12.3,-0.2,198
2016-08-06,8,7,6.04,0,0,81,60,87.1,59.1,-6.1,0.9,173
2016-08-07,8,1,6.93,0,0,89,56,87,59,2,-3,202
2016-08-08,8,2,9.4,0,0,87,64,86.9,58.9,0.1,5.1,190
2016-08-09,8,3,6.71,0.04,1,94,58,86.8,58.8,7.2,-0.8,174
2016-08-10,8,4,7.61,0,0,93,59,86.6,58.7,6.4,0.3,196
2016-08-11,8,5,7.38,0.05,1,87,59,86.5,58.5,0.5,0.5,198
2016-08-12,8,6,4.92,0,0,81,55,86.4,58.4,-5.4,-3.4,220
2016-08-13,8,7,9.84,0,0,86,57,86.3,58.3,-0.3,-1.3,187
2016-08-14,8,1,10.51,0,0,88,58,86.1,58.1,1.9,-0.1,163
2016-08-15,8,2,8.05,0,0,90,60,86,57.9,4,2.1,171
2016-08-16,8,3,10.29,0,0,87,54,85.9,57.8,1.1,-3.8,200
2016-08-17,8,4,7.61,0,0,87,57,85.7,57.6,1.3,-0.6,211
2016-08-18,8,5,8.28,0,0,85,55,85.6,57.4,-0.6,-2.4,205
2016-08-19,8,6,8.95,0.07,1,80,48,85.4,57.2,-5.4,-9.2,200
2016-08-20,8,7,6.04,0,0,76,46,85.3,57,-9.3,-11,179
2016-08-21,8,1,8.5,0,0,88,51,85.1,56.8,2.9,-5.8,177
2016-08-22,8,2,7.83,0.01,1,88,56,84.9,56.5,3.1,-0.5,195
2016-08-23,8,3,9.62,0,0,85,56,84.8,56.3,0.2,-0.3,198
2016-08-24,8,4,6.71,0.04,1,66,50,84.6,56,-18.6,-6,203
2016-08-25,8,5,7.38,0.07,1,70,45,84.4,55.8,-14.4,-10.8,191
2016-08-26,8,6,6.26,0,0,77,54,84.2,55.5,-7.2,-1.5,204
2016-08-27,8,7,5.59,0,0,82,47,84,55.2,-2,-8.2,195
2016-08-28,8,1,8.28,0,0,83,59,83.8,54.9,-0.8,4.1,183
2016-08-29,8,2,9.62,0.3,1,79,55,83.5,54.6,-4.5,0.4,193
2016-08-30,8,3,5.14,1.15,1,81,53,83.3,54.3,-2.3,-1.3,177
2016-08-31,8,4,6.49,0,0,80,52,83,53.9,-3,-1.9,209
2016-09-01,9,5,10.96,0,0,83,55,82.7,53.6,0.3,1.4,219
2016-09-02,9,6,7.38,0,0,83,60,82.5,53.2,0.5,6.8,212
2016-09-03,9,7,6.71,0,0,87,57,82.2,52.9,4.8,4.1,197
2016-09-04,9,1,10.07,0,0,86,56,81.8,52.5,4.2,3.5,193
2016-09-05,9,2,8.5,0,0,89,49,81.5,52.1,7.5,-3.1,168
2016-09-06,9,3,5.82,0.01,1,80,58,81.2,51.7,-1.2,6.3,218
2016-09-07,9,4,5.14,0,0,86,55,80.8,51.3,5.2,3.7,201
2016-09-08,9,5,5.59,0,0,86,49,80.5,50.9,5.5,-1.9,230
2016-09-09,9,6,8.5,0,0,74,44,80.1,50.5,-6.1,-6.5,223
2016-09-10,9,7,9.62,0,0,78,40,79.7,50,-1.7,-10,197
2016-09-11,9,1,8.05,0,0,89,53,79.3,49.6,9.7,3.4,169
2016-09-12,9,2,9.17,0.2,1,76,53,78.9,49.2,-2.9,3.8,186
2016-09-13,9,3,7.61,0.01,1,67,48,78.5,48.7,-11.5,-0.7,189
2016-09-14,9,4,10.51,0,0,79,49,78.1,48.3,0.9,0.7,197
2016-09-15,9,5,5.82,0,0,76,47,77.6,47.8,-1.6,-0.8,178
2016-09-16,9,6,7.16,0.01,1,72,43,77.2,47.3,-5.2,-4.3,196
2016-09-17,9,7,6.71,0,0,76,48,76.8,46.9,-0.8,1.1,164
2016-09-18,9,1,6.04,0,0,86,50,76.3,46.4,9.7,3.6,176
2016-09-19,9,2,7.61,0,0,88,51,75.9,46,12.1,5,216
2016-09-20,9,3,5.82,0,0,87,60,75.4,45.5,11.6,14.5,222
2016-09-21,9,4,8.5,0,0,81,62,74.9,45.1,6.1,16.9,205
2016-09-22,9,5,6.26,0,0,77,52,74.5,44.6,2.5,7.4,200
2016-09-23,9,6,15.43,0,0,85,50,74,44.1,11,5.9,227
2016-09-24,9,7,7.61,0,0,69,44,73.6,43.7,-4.6,0.3,201
2016-09-25,9,1,5.82,0,0,66,39,73.1,43.3,-7.1,-4.3,181
2016-09-26,9,2,6.26,0,0,76,41,72.7,42.8,3.3,-1.8,174
2016-09-27,9,3,4.25,0,0,80,43,72.2,42.4,7.8,0.6,208
2016-09-28,9,4,5.82,0,0,81,45,71.8,42,9.2,3,160
2016-09-29,9,5,7.83,0,0,84,49,71.3,41.5,12.7,7.5,201
2016-09-30,9,6,6.26,0,0,73,51,70.9,41.1,2.1,9.9,207
2016-10-01,10,7,7.61,0,0,78,47,70.4,40.7,7.6,6.3,185
2016-10-02,10,1,9.17,0,0,78,49,70,40.3,8,8.7,179
2016-10-03,10,2,16.33,0,0,78,49,69.6,39.9,8.4,9.1,210
2016-10-04,10,3,12.3,0,0,61,39,69.2,39.6,-8.2,-0.6,177
2016-10-05,10,4,8.72,0,0,64,35,68.8,39.2,-4.8,-4.2,181
2016-10-06,10,5,7.83,0.16,1,52,35,68.4,38.8,-16.4,-3.8,176
2016-10-07,10,6,6.93,0,0,66,31,68,38.5,-2,-7.5,230
2016-10-08,10,7,7.61,0,0,73,35,67.6,38.1,5.4,-3.1,189
2016-10-09,10,1,5.37,0,0,74,38,67.3,37.8,6.7,0.2,190
2016-10-10,10,2,6.93,0,0,77,44,66.9,37.5,10.1,6.5,201
2016-10-11,10,3,8.95,0,0,75,46,66.5,37.1,8.5,8.9,182
2016-10-12,10,4,4.92,0.01,1,48,36,66.2,36.8,-18.2,-0.8,158
2016-10-13,10,5,5.82,0,0,76,38,65.8,36.5,10.2,1.5,195
2016-10-14,10,6,8.5,0,0,83,47,65.5,36.2,17.5,10.8,200
2016-10-15,10,7,7.61,0,0,83,53,65.2,35.9,17.8,17.1,166
2016-10-16,10,1,10.74,0,0,86,45,64.8,35.6,21.2,9.4,192
2016-10-17,10,2,9.4,0,0,78,41,64.5,35.3,13.5,5.7,206
2016-10-18,10,3,8.95,0,0,63,36,64.2,35,-1.2,1,182
2016-10-19,10,4,6.93,0,0,58,32,63.8,34.7,-5.8,-2.7,236
2016-10-20,10,5,6.93,0,0,63,26,63.5,34.4,-0.5,-8.4,193
2016-10-21,10,6,6.93,0,0,76,36,63.2,34.1,12.8,1.9,202
2016-10-22,10,7,6.71,0,0,80,39,62.8,33.8,17.2,5.2,184
2016-10-23,10,1,7.61,0,0,76,39,62.5,33.5,13.5,5.5,194
2016-10-24,10,2,6.26,0,0,78,39,62.2,33.2,15.8,5.8,189
2016-10-25,10,3,8.05,0,0,69,45,61.8,32.9,7.2,12.1,212
2016-10-26,10,4,6.93,0,0,72,38,61.4,32.6,10.6,5.4,212
2016-10-27,10,5,7.83,0,0,82,43,61.1,32.3,20.9,10.7,204
2016-10-28,10,6,8.95,0,0,79,52,60.7,32,18.3,20,182
2016-10-29,10,7,6.71,0,0,76,49,60.3,31.7,15.7,17.3,191
2016-10-30,10,1,8.05,0,0,74,43,60,31.3,14,11.7,195
2016-10-31,10,2,10.07,0,0,78,48,59.6,31,18.4,17,171
2016-11-01,11,3,14.54,0,0,67,47,59.2,30.7,7.8,16.3,244
2016-11-02,11,4,6.71,0,0,60,40,58.7,30.3,1.3,9.7,197
2016-11-03,11,5,4.25,0,0,68,36,58.3,30,9.7,6,194
2016-11-04,11,6,7.83,0,0,70,36,57.9,29.6,12.1,6.4,177
2016-11-05,11,7,5.59,0,0,65,36,57.4,29.2,7.6,6.8,160
2016-11-06,11,1,4.7,0,0,67,38,57,28.8,10,9.2,162
2016-11-07,11,2,5.82,0,0,62,34,56.5,28.4,5.5,5.6,178
2016-11-08,11,3,4.7,0,0,64,32,56,28,8,4,162
2016-11-09,11,4,6.04,0,0,73,35,55.6,27.6,17.4,7.4,187
2016-11-10,11,5,5.37,0,0,66,36,55.1,27.2,10.9,8.8,159
2016-11-11,11,6,8.05,0,0,60,31,54.6,26.8,5.4,4.2,165
2016-11-12,11,7,6.71,0,0,69,35,54.1,26.4,14.9,8.6,153
2016-11-13,11,1,6.04,0,0,64,34,53.6,26,10.4,8,152
2016-11-14,11,2,8.5,0,0,71,34,53.1,25.6,17.9,8.4,173
2016-11-15,11,3,9.62,0,0,76,47,52.5,25.1,23.5,21.9,175
2016-11-16,11,4,11.41,0,0,75,41,52,24.7,23,16.3,178
2016-11-17,11,5,8.5,0.11,1,41,21,51.5,24.3,-10.5,-3.3,177
2016-11-18,11,6,6.71,0,0,35,14,51,23.8,-16,-9.8,159
2016-11-19,11,7,2.46,0,0,48,18,50.5,23.4,-2.5,-5.4,141
2016-11-20,11,1,9.4,0,0,68,39,50,23,18,16,160
2016-11-21,11,2,7.83,0,0,64,44,49.5,22.6,14.5,21.4,176
2016-11-22,11,3,8.72,0.17,1,44,25,49,22.1,-5,2.9,147
2016-11-23,11,4,6.26,0,0,50,25,48.5,21.7,1.5,3.3,177
2016-11-24,11,5,11.18,0,0,47,27,48.1,21.3,-1.1,5.7,96
2016-11-25,11,6,8.95,0,0,61,24,47.6,20.9,13.4,3.1,188
2016-11-26,11,7,9.17,0,0,58,26,47.2,20.6,10.8,5.4,172
2016-11-27,11,1,12.3,0.02,1,51,32,46.7,20.2,4.3,11.8,137
2016-11-28,11,2,10.29,0,0,43,25,46.3,19.8,-3.3,5.2,168
2016-11-29,11,3,6.93,0,0,39,18,45.9,19.5,-6.9,-1.5,175
2016-11-30,11,4,6.04,0,0,39,15,45.6,19.1,-6.6,-4.1,189
2016-12-01,12,5,5.14,0,0,40,16,45.2,18.8,-5.2,-2.8,225
2016-12-02,12,6,4.25,0,0,31,16,44.9,18.5,-13.9,-2.5,166
2016-12-03,12,7,4.03,0,0,42,14,44.6,18.2,-2.6,-4.2,168
2016-12-04,12,1,7.83,0,0,52,15,44.3,18,7.7,-3,147
2016-12-05,12,2,11.41,0.01,1,52,16,44,17.7,8,-1.7,152
2016-12-06,12,3,11.18,0.02,1,28,12,43.8,17.5,-15.8,-5.5,150
2016-12-07,12,4,5.37,0.01,1,15,0,43.5,17.3,-28.5,-17.3,117
2016-12-08,12,5,2.24,0,0,20,-7,43.3,17.1,-23.3,-24.1,159
2016-12-09,12,6,4.7,0,0,52,3,43.2,16.9,8.8,-13.9,173
2016-12-10,12,7,8.72,0,0,60,22,43,16.7,17,5.3,174
2016-12-11,12,1,7.38,0.03,1,45,24,42.9,16.6,2.1,7.4,155
2016-12-12,12,2,6.71,0,0,47,19,42.8,16.4,4.2,2.6,160
2016-12-13,12,3,6.93,0,0,46,18,42.7,16.3,3.3,1.7,181
2016-12-14,12,4,5.59,0,0,35,13,42.7,16.2,-7.7,-3.2,187
2016-12-15,12,5,9.84,0,0,65,14,42.6,16.2,22.4,-2.2,165
2016-12-16,12,6,9.17,0.04,1,55,7,42.6,16.1,12.4,-9.1,169
2016-12-17,12,7,6.49,0.19,1,18,-5,42.6,16.1,-24.6,-21.1,130
2016-12-18,12,1,4.92,0,0,32,-4,42.6,16,-10.6,-20,108
2016-12-19,12,2,9.17,0,0,49,9,42.7,16,6.3,-7,169
2016-12-20,12,3,10.29,0,0,57,32,42.7,16,14.3,16,147
2016-12-21,12,4,7.83,0,0,47,31,42.8,16,4.2,15,187
2016-12-22,12,5,3.58,0,0,40,26,42.8,16.1,-2.8,9.9,180
2016-12-23,12,6,8.05,0,0,54,25,42.9,16.1,11.1,8.9,191
2016-12-24,12,7,11.41,0,0,59,30,43,16.1,16,13.9,161
2016-12-25,12,1,11.86,0,0,44,25,43.1,16.2,0.9,8.8,95
2016-12-26,12,2,5.37,0,0,41,19,43.2,16.2,-2.2,2.8,143
2016-12-27,12,3,10.51,0,0,61,15,43.3,16.3,17.7,-1.3,178
2016-12-28,12,4,11.41,0,0,52,21,43.4,16.4,8.6,4.6,162
2016-12-29,12,5,7.16,0,0,52,17,43.6,16.4,8.4,0.6,168
2016-12-30,12,6,11.41,0,0,64,27,43.7,16.5,20.3,10.5,205
2016-12-31,12,7,5.82,0,0,43,19,43.8,16.6,-0.8,2.4,180
2017-01-01,1,1,5.82,0,0,48,17,43.9,16.7,4.1,0.3,267
2017-01-02,1,2,9.4,0,0,51,17,44,16.7,7,0.3,164
2017-01-03,1,3,5.59,0,0,30,13,44.1,16.8,-14.1,-3.8,179
2017-01-04,1,4,6.26,0,0,16,3,44.2,16.9,-28.2,-13.9,134
2017-01-05,1,5,5.14,0,0,7,1,44.3,17,-37.3,-16,117
2017-01-06,1,6,4.92,0,0,23,-6,44.4,17,-21.4,-23,151
2017-01-07,1,7,4.7,0,0,35,3,44.5,17.1,-9.5,-14.1,164
2017-01-08,1,1,9.62,0,0,52,15,44.5,17.2,7.5,-2.2,132
2017-01-09,1,2,19.01,0,0,60,42,44.6,17.2,15.4,24.8,174
2017-01-10,1,3,14.76,0,0,50,25,44.6,17.3,5.4,7.7,178
2017-01-11,1,4,16.11,0,0,56,24,44.7,17.3,11.3,6.7,197
2017-01-12,1,5,8.05,0,0,47,20,44.7,17.4,2.3,2.6,177
2017-01-13,1,6,3.13,0,0,41,19,44.7,17.4,-3.7,1.6,194
2017-01-14,1,7,3.8,0,0,44,19,44.7,17.5,-0.7,1.5,154
2017-01-15,1,1,3.36,0.02,1,34,22,44.7,17.5,-10.7,4.5,158
2017-01-16,1,2,8.5,0.14,1,32,22,44.7,17.5,-12.7,4.5,167
2017-01-17,1,3,5.14,0,0,47,17,44.7,17.5,2.3,-0.5,183
2017-01-18,1,4,3.36,0,0,52,15,44.7,17.6,7.3,-2.6,190
2017-01-19,1,5,5.14,0,0,52,23,44.7,17.6,7.3,5.4,195
2017-01-20,1,6,6.26,0,0,43,28,44.7,17.6,-1.7,10.4,186
2017-01-21,1,7,4.92,0,0,39,22,44.6,17.6,-5.6,4.4,197
2017-01-22,1,1,6.71,0,0,43,22,44.6,17.6,-1.6,4.4,174
2017-01-23,1,2,9.4,0,0,51,24,44.6,17.6,6.4,6.4,196
2017-01-24,1,3,6.71,0,0,32,17,44.5,17.7,-12.5,-0.7,193
2017-01-25,1,4,6.04,0,0,30,13,44.5,17.7,-14.5,-4.7,186
2017-01-26,1,5,6.26,0,0,30,10,44.5,17.7,-14.5,-7.7,186
2017-01-27,1,6,6.93,0,0,39,9,44.4,17.7,-5.4,-8.7,206
2017-01-28,1,7,7.16,0,0,47,15,44.4,17.7,2.6,-2.7,188
2017-01-29,1,1,5.82,0,0,58,22,44.4,17.8,13.6,4.2,180
2017-01-30,1,2,6.26,0,0,60,29,44.4,17.8,15.6,11.2,220
2017-01-31,1,3,7.38,0,0,62,35,44.4,17.8,17.6,17.2,210
2017-02-01,2,4,6.49,0,0,40,21,44.4,17.9,-4.4,3.1,179
2017-02-02,2,5,5.37,0,0,25,18,44.4,17.9,-19.4,0.1,159
2017-02-03,2,6,4.92,0,0,39,16,44.4,18,-5.4,-2,186
2017-02-04,2,7,9.84,0,0,59,32,44.5,18,14.5,14,198
2017-02-05,2,1,6.71,0,0,58,29,44.5,18.1,13.5,10.9,157
2017-02-06,2,2,11.63,0,0,60,36,44.6,18.2,15.4,17.8,191
2017-02-07,2,3,12.3,0,0,64,35,44.7,18.3,19.3,16.7,208
2017-02-08,2,4,15.21,0,0,57,36,44.7,18.4,12.3,17.6,167
2017-02-09,2,5,9.17,0,0,68,39,44.9,18.5,23.1,20.5,179
2017-02-10,2,6,15.66,0,0,78,51,45,18.6,33,32.4,195
2017-02-11,2,7,10.07,0,0,60,35,45.1,18.8,14.9,16.2,209
2017-02-12,2,1,7.61,0,0,47,29,45.3,18.9,1.7,10.1,142
2017-02-13,2,2,6.04,0,0,45,27,45.4,19.1,-0.4,7.9,178
2017-02-14,2,3,6.26,0,0,46,24,45.6,19.2,0.4,4.8,208
2017-02-15,2,4,5.82,0,0,65,22,45.8,19.4,19.2,2.6,215
2017-02-16,2,5,8.05,0,0,72,30,46,19.6,26,10.4,190
2017-02-17,2,6,8.28,0,0,65,27,46.2,19.8,18.8,7.2,218
2017-02-18,2,7,9.17,0,0,65,36,46.4,20,18.6,16,173
2017-02-19,2,1,12.75,0,0,62,39,46.7,20.2,15.3,18.8,152
2017-02-20,2,2,9.62,0,0,61,34,46.9,20.4,14.1,13.6,158
2017-02-21,2,3,14.32,0,0,70,45,47.2,20.6,22.8,24.4,205
2017-02-22,2,4,11.63,0,0,58,31,47.5,20.8,10.5,10.2,186
2017-02-23,2,5,10.51,0.04,1,32,14,47.7,21.1,-15.7,-7.1,173
2017-02-24,2,6,3.8,0.01,1,23,14,48,21.3,-25,-7.3,164
2017-02-25,2,7,7.61,0,0,36,10,48.3,21.6,-12.3,-11.6,143
2017-02-26,2,1,5.14,0,0,41,13,48.6,21.8,-7.6,-8.8,155
2017-02-27,2,2,12.97,0,0,54,18,48.9,22.1,5.1,-4.1,200
2017-02-28,2,3,9.62,0,0,34,23,49.2,22.4,-15.2,0.6,157
2017-03-01,3,4,6.93,0,0,45,13,49.5,22.6,-4.5,-9.6,212
2017-03-02,3,5,6.93,0,0,52,17,49.8,22.9,2.2,-5.9,149
2017-03-03,3,6,6.93,0,0,62,29,50.1,23.1,11.9,5.9,195
2017-03-04,3,7,13.87,0,0,68,30,50.4,23.4,17.6,6.6,183
2017-03-05,3,1,19.01,0,0,66,46,50.8,23.7,15.2,22.3,184
2017-03-06,3,2,18.79,0,0,51,17,51.1,23.9,-0.1,-6.9,202
2017-03-07,3,3,7.83,0,0,53,18,51.4,24.2,1.6,-6.2,164
2017-03-08,3,4,8.28,0,0,64,28,51.6,24.5,12.4,3.5,175
2017-03-09,3,5,10.29,0,0,70,36,51.9,24.7,18.1,11.3,203
2017-03-10,3,6,4.92,0,0,69,26,52.2,25,16.8,1,210
2017-03-11,3,7,5.37,0.01,1,48,36,52.5,25.3,-4.5,10.7,167
2017-03-12,3,1,10.07,0,0,63,33,52.8,25.5,10.2,7.5,163
2017-03-13,3,2,5.82,0,0,57,26,53,25.8,4,0.2,193
2017-03-14,3,3,11.18,0,0,69,36,53.3,26,15.7,10,187
2017-03-15,3,4,6.71,0,0,74,37,53.6,26.3,20.4,10.7,178
2017-03-16,3,5,8.05,0,0,75,44,53.8,26.5,21.2,17.5,198
2017-03-17,3,6,8.05,0,0,71,41,54.1,26.7,16.9,14.3,206
2017-03-18,3,7,6.04,0,0,79,35,54.3,27,24.7,8,186
2017-03-19,3,1,7.83,0,0,79,48,54.5,27.2,24.5,20.8,156
2017-03-20,3,2,8.72,0,0,74,48,54.7,27.4,19.3,20.6,187
2017-03-21,3,3,8.05,0,0,67,35,55,27.7,12,7.3,186
2017-03-22,3,4,9.84,0,0,76,35,55.2,27.9,20.8,7.1,177
2017-03-23,3,5,17.67,0.15,1,74,37,55.4,28.1,18.6,8.9,190
2017-03-24,3,6,16.55,0.37,1,49,32,55.6,28.3,-6.6,3.7,198
2017-03-25,3,7,8.72,0,0,61,29,55.8,28.6,5.2,0.4,168
2017-03-26,3,1,7.38,0,0,51,38,56,28.8,-5,9.2,173
2017-03-27,3,2,6.71,0.01,1,61,32,56.2,29,4.8,3,207
2017-03-28,3,3,13.2,0.14,1,47,33,56.4,29.2,-9.4,3.8,184
2017-03-29,3,4,11.18,0.08,1,54,33,56.6,29.5,-2.6,3.5,194
2017-03-30,3,5,7.61,0,0,64,32,56.8,29.7,7.2,2.3,207
2017-03-31,3,6,7.83,0.11,1,47,31,57,29.9,-10,1.1,187
2017-04-01,4,7,4.03,0.03,1,38,31,57.2,30.1,-19.2,0.9,202
2017-04-02,4,1,4.25,0,0,60,28,57.4,30.4,2.6,-2.4,182
2017-04-03,4,2,9.62,0.18,1,55,33,57.6,30.6,-2.6,2.4,189
2017-04-04,4,3,9.4,0.25,1,38,30,57.8,30.8,-19.8,-0.8,145
2017-04-05,4,4,6.26,0,0,53,21,58.1,31.1,-5.1,-10.1,180
2017-04-06,4,5,10.07,0,0,63,31,58.3,31.3,4.7,-0.3,189
2017-04-07,4,6,10.74,0,0,75,41,58.5,31.6,16.5,9.4,242
2017-04-08,4,7,12.53,0,0,76,49,58.7,31.8,17.3,17.2,198
2017-04-09,4,1,14.54,0,0,62,37,59,32.1,3,4.9,180
2017-04-10,4,2,9.17,0,0,59,27,59.2,32.4,-0.2,-5.4,158
2017-04-11,4,3,8.72,0,0,68,28,59.5,32.6,8.5,-4.6,171
2017-04-12,4,4,8.05,0,0,71,38,59.7,32.9,11.3,5.1,156
2017-04-13,4,5,14.99,0,0,75,41,60,33.2,15,7.8,188
2017-04-14,4,6,8.95,0,0,78,37,60.3,33.5,17.7,3.5,212
2017-04-15,4,7,8.28,0,0,67,38,60.5,33.8,6.5,4.2,197
2017-04-16,4,1,8.95,0,0,70,36,60.8,34.1,9.2,1.9,172
2017-04-17,4,2,7.38,0,0,76,40,61.1,34.4,14.9,5.6,204
2017-04-18,4,3,12.53,0,0,75,43,61.4,34.7,13.6,8.3,187
2017-04-19,4,4,8.95,0,0,71,44,61.7,35,9.3,9,220
2017-04-20,4,5,13.2,0.04,1,63,35,62,35.3,1,-0.3,170
2017-04-21,4,6,11.86,0.01,1,50,35,62.3,35.6,-12.3,-0.6,203
2017-04-22,4,7,5.82,0.16,1,54,33,62.7,36,-8.7,-3,169
2017-04-23,4,1,9.62,0,0,76,39,63,36.3,13,2.7,172
2017-04-24,4,2,9.84,0,0,65,44,63.3,36.6,1.7,7.4,213
2017-04-25,4,3,9.62,0.32,1,57,31,63.6,37,-6.6,-6,200
2017-04-26,4,4,7.38,0,0,58,25,64,37.3,-6,-12.3,201
2017-04-27,4,5,7.61,0,0,54,37,64.3,37.6,-10.3,-0.6,183
2017-04-28,4,6,9.62,0.55,1,52,26,64.6,38,-12.6,-12,199
2017-04-29,4,7,13.42,0.12,1,29,27,65,38.3,-36,-11.3,149
2017-04-30,4,1,10.96,0,0,54,25,65.3,38.7,-11.3,-13.7,183
2017-05-01,5,2,10.29,0,0,63,35,65.6,39,-2.6,-4,201
2017-05-02,5,3,6.71,0.03,1,58,37,66,39.3,-8,-2.3,190
2017-05-03,5,4,6.93,0.2,1,52,34,66.3,39.7,-14.3,-5.7,166
2017-05-04,5,5,7.16,0,0,68,33,66.6,40,1.4,-7,185
2017-05-05,5,6,6.71,0,0,76,42,67,40.4,9,1.6,210
2017-05-06,5,7,11.41,0,0,83,52,67.3,40.7,15.7,11.3,198
2017-05-07,5,1,10.07,0,0,77,49,67.6,41,9.4,8,173
2017-05-08,5,2,9.17,0.44,1,71,45,68,41.4,3,3.6,187
2017-05-09,5,3,8.5,0.07,1,64,48,68.3,41.7,-4.3,6.3,185
2017-05-10,5,4,10.29,0.8,1,55,46,68.6,42,-13.6,4,180
2017-05-11,5,5,7.61,0.01,1,62,44,68.9,42.3,-6.9,1.7,203
2017-05-12,5,6,11.63,0,0,76,43,69.2,42.6,6.8,0.4,221
2017-05-13,5,7,11.41,0,0,83,46,69.6,43,13.4,3,201
2017-05-14,5,1,8.95,0,0,75,48,69.9,43.3,5.1,4.7,171
2017-05-15,5,2,8.5,0,0,80,50,70.2,43.6,9.8,6.4,202
2017-05-16,5,3,10.07,0,0,71,45,70.5,43.9,0.5,1.1,191
2017-05-17,5,4,11.41,0.35,1,69,37,70.8,44.2,-1.8,-7.2,170
2017-05-18,5,5,10.74,1.18,1,40,32,71.1,44.5,-31.1,-12.5,148
2017-05-19,5,6,10.51,0.03,1,37,32,71.5,44.8,-34.5,-12.8,184
2017-05-20,5,7,6.93,0,0,60,31,71.8,45.1,-11.8,-14.1,188
2017-05-21,5,1,6.04,0.02,1,65,36,72.1,45.4,-7.1,-9.4,172
2017-05-22,5,2,8.05,0.16,1,65,40,72.4,45.7,-7.4,-5.7,184
2017-05-23,5,3,9.62,0,0,60,37,72.7,46,-12.7,-9,193
2017-05-24,5,4,9.62,0,0,81,38,73,46.3,8,-8.3,210
2017-05-25,5,5,10.51,0.14,1,77,44,73.4,46.6,3.6,-2.6,179
2017-05-26,5,6,9.4,0.18,1,69,41,73.7,46.9,-4.7,-5.9,224
2017-05-27,5,7,6.49,0.26,1,56,41,74,47.1,-18,-6.1,215
2017-05-28,5,1,6.71,0,0,68,41,74.4,47.4,-6.4,-6.4,224
2017-05-29,5,2,4.92,0.1,1,69,42,74.7,47.7,-5.7,-5.7,199
2017-05-30,5,3,6.26,0,0,73,45,75,48,-2,-3,190
2017-05-31,5,4,7.38,0,0,78,47,75.4,48.3,2.6,-1.3,213
2017-06-01,6,5,6.49,0,0,79,48,75.7,48.6,3.3,-0.6,250
2017-06-02,6,6,10.07,0.42,1,75,52,76.1,48.9,-1.1,3.1,188
2017-06-03,6,7,6.71,0,0,74,47,76.4,49.2,-2.4,-2.2,197
2017-06-04,6,1,5.37,0,0,80,48,76.8,49.4,3.2,-1.4,197
2017-06-05,6,2,8.05,0,0,81,52,77.2,49.7,3.8,2.3,217
2017-06-06,6,3,5.37,0,0,75,53,77.6,50,-2.6,3,176
2017-06-07,6,4,7.83,0.36,1,83,51,77.9,50.3,5.1,0.7,200
2017-06-08,6,5,8.5,0,0,83,53,78.3,50.6,4.7,2.4,208
2017-06-09,6,6,10.51,0,0,88,56,78.7,50.9,9.3,5.1,202
2017-06-10,6,7,13.2,0,0,94,61,79.1,51.2,14.9,9.8,200
2017-06-11,6,1,6.71,0,0,76,60,79.5,51.5,-3.5,8.5,201
2017-06-12,6,2,11.18,0,0,89,54,79.9,51.8,9.1,2.2,197
2017-06-13,6,3,8.05,0,0,80,49,80.3,52.1,-0.3,-3.1,190
2017-06-14,6,4,8.5,0,0,86,51,80.7,52.4,5.3,-1.4,217
2017-06-15,6,5,4.03,0,0,86,49,81.1,52.7,4.9,-3.7,212
2017-06-16,6,6,5.59,0,0,91,54,81.5,53,9.5,1,220
2017-06-17,6,7,8.28,0,0,85,59,81.9,53.3,3.1,5.7,203
2017-06-18,6,1,6.93,0,0,84,59,82.3,53.6,1.7,5.4,206
2017-06-19,6,2,7.61,0,0,85,55,82.6,53.9,2.4,1.1,162
2017-06-20,6,3,6.04,0.06,1,94,59,83,54.2,11,4.8,198
2017-06-21,6,4,8.95,0,0,94,65,83.4,54.5,10.6,10.5,184
2017-06-22,6,5,6.93,0,0,92,63,83.8,54.7,8.2,8.3,218
2017-06-23,6,6,6.93,0.09,1,65,45,84.1,55,-19.1,-10,220
2017-06-24,6,7,7.61,0,0,75,47,84.5,55.3,-9.5,-8.3,188
2017-06-25,6,1,7.61,0,0,74,50,84.8,55.6,-10.8,-5.6,177
2017-06-26,6,2,8.28,0,0,88,56,85.2,55.8,2.8,0.2,227
2017-06-27,6,3,11.41,0,0,94,61,85.5,56.1,8.5,4.9,226
2017-06-28,6,4,7.61,0,0,87,54,85.8,56.3,1.2,-2.3,189
2017-06-29,6,5,7.61,0.01,1,84,52,86.1,56.6,-2.1,-4.6,208
2017-06-30,6,6,6.04,0.01,1,74,52,86.4,56.8,-12.4,-4.8,205
2017-07-01,7,7,6.49,0,0,87,51,86.7,57.1,0.3,-6.1,209
2017-07-02,7,1,7.38,0,0,91,57,86.9,57.3,4.1,-0.3,190
2017-07-03,7,2,6.71,0,0,89,58,87.2,57.5,1.8,0.5,218
2017-07-04,7,3,8.72,0,0,92,56,87.4,57.7,4.6,-1.7,171
2017-07-05,7,4,7.38,0,0,96,56,87.6,57.9,8.4,-1.9,180
2017-07-06,7,5,9.62,0,0,94,65,87.8,58.1,6.2,6.9,207
2017-07-07,7,6,8.28,0,0,88,61,87.9,58.3,0.1,2.7,203
2017-07-08,7,7,6.26,0,0,90,57,88.1,58.4,1.9,-1.4,194
2017-07-09,7,1,6.93,0,0,95,59,88.2,58.6,6.8,0.4,196
2017-07-10,7,2,9.62,0,0,92,62,88.4,58.7,3.6,3.3,179
2017-07-11,7,3,8.72,0,0,91,63,88.5,58.9,2.5,4.1,197
2017-07-12,7,4,8.28,0.16,1,79,62,88.6,59,-9.6,3,182
2017-07-13,7,5,6.93,0,0,82,57,88.6,59.1,-6.6,-2.1,192
2017-07-14,7,6,5.82,0.18,1,86,59,88.7,59.2,-2.7,-0.2,225
2017-07-15,7,7,7.61,0.08,1,78,59,88.7,59.3,-10.7,-0.3,180
2017-07-16,7,1,4.47,0,0,86,52,88.7,59.4,-2.7,-7.4,155
2017-07-17,7,2,8.05,0,0,93,59,88.8,59.5,4.2,-0.5,180
2017-07-18,7,3,8.28,0,0,93,60,88.8,59.5,4.2,0.5,232
2017-07-19,7,4,9.4,0.09,1,98,67,88.7,59.6,9.3,7.4,179
2017-07-20,7,5,6.71,0.02,1,92,62,88.7,59.6,3.3,2.4,192
2017-07-21,7,6,7.61,0.26,1,93,60,88.7,59.7,4.3,0.3,204
2017-07-22,7,7,6.04,0,0,87,61,88.6,59.7,-1.6,1.3,186
2017-07-23,7,1,8.95,0,0,89,60,88.6,59.7,0.4,0.3,208
2017-07-24,7,2,10.51,0,0,96,68,88.5,59.7,7.5,8.3,176
2017-07-25,7,3,8.5,0.2,1,89,66,88.4,59.7,0.6,6.3,191
2017-07-26,7,4,6.49,0.82,1,81,61,88.3,59.7,-7.3,1.3,197
2017-07-27,7,5,8.95,0,0,84,61,88.2,59.7,-4.2,1.3,216
2017-07-28,7,6,8.28,0,0,88,63,88.1,59.7,-0.1,3.3,230
2017-07-29,7,7,6.93,0,0,75,64,88,59.6,-13,4.4,215
2017-07-30,7,1,5.37,0,0,81,59,87.9,59.6,-6.9,-0.6,175
2017-07-31,7,2,7.61,0,0,86,56,87.8,59.6,-1.8,-3.6,205
2017-08-01,8,3,6.93,0,0,85,53,87.7,59.5,-2.7,-6.5,224
2017-08-02,8,4,10.51,0,0,88,62,87.6,59.4,0.4,2.6,219
2017-08-03,8,5,9.4,0.3,1,71,53,87.5,59.4,-16.5,-6.4,240
2017-08-04,8,6,7.83,0.02,1,89,54,87.4,59.3,1.6,-5.3,226
2017-08-05,8,7,8.28,0.37,1,84,59,87.3,59.2,-3.3,-0.2,196
2017-08-06,8,1,5.59,0,0,74,54,87.1,59.1,-13.1,-5.1,194
2017-08-07,8,2,8.05,0.05,1,66,56,87,59,-21,-3,164
2017-08-08,8,3,7.16,0.02,1,72,55,86.9,58.9,-14.9,-3.9,185
2017-08-09,8,4,5.37,0,0,77,52,86.8,58.8,-9.8,-6.8,242
2017-08-10,8,5,6.26,0.01,1,78,55,86.6,58.7,-8.6,-3.7,187
2017-08-11,8,6,6.71,0,0,79,53,86.5,58.5,-7.5,-5.5,220
2017-08-12,8,7,6.71,0,0,84,54,86.4,58.4,-2.4,-4.4,216
2017-08-13,8,1,6.71,0,0,84,55,86.3,58.3,-2.3,-3.3,196
2017-08-14,8,2,7.61,0,0,87,55,86.1,58.1,0.9,-3.1,205
2017-08-15,8,3,9.62,0,0,82,56,86,57.9,-4,-1.9,205
2017-08-16,8,4,6.26,0.01,1,75,55,85.9,57.8,-10.9,-2.8,184
2017-08-17,8,5,8.72,0,0,83,56,85.7,57.6,-2.7,-1.6,199
2017-08-18,8,6,6.71,0,0,88,55,85.6,57.4,2.4,-2.4,254
2017-08-19,8,7,7.38,0,0,91,59,85.4,57.2,5.6,1.8,235
2017-08-20,8,1,6.04,0,0,88,55,85.3,57,2.7,-2,205
2017-08-21,8,2,6.04,0,0,85,60,85.1,56.8,-0.1,3.2,223
2017-08-22,8,3,7.16,0,0,83,54,84.9,56.5,-1.9,-2.5,206
2017-08-23,8,4,7.16,0,0,89,60,84.8,56.3,4.2,3.7,231
2017-08-24,8,5,9.62,0,0,86,56,84.6,56,1.4,0,231
2017-08-25,8,6,6.93,0,0,88,54,84.4,55.8,3.6,-1.8,249
2017-08-26,8,7,6.49,0,0,90,59,84.2,55.5,5.8,3.5,182
2017-08-27,8,1,6.93,0,0,85,58,84,55.2,1,2.8,187
2017-08-28,8,2,8.05,0,0,88,59,83.8,54.9,4.2,4.1,208
2017-08-29,8,3,6.71,0,0,91,57,83.5,54.6,7.5,2.4,231
2017-08-30,8,4,9.4,0.01,1,89,56,83.3,54.3,5.7,1.7,232
2017-08-31,8,5,7.61,0,0,85,58,83,53.9,2,4.1,187
2017-09-01,9,6,9.62,0,0,85,57,82.7,53.6,2.3,3.4,241
2017-09-02,9,7,6.71,0,0,87,56,82.5,53.2,4.5,2.8,200
2017-09-03,9,1,7.38,0,0,94,62,82.2,52.9,11.8,9.1,173
2017-09-04,9,2,9.4,0,0,93,55,81.8,52.5,11.2,2.5,192
2017-09-05,9,3,5.82,0,0,68,52,81.5,52.1,-13.5,-0.1,189
2017-09-06,9,4,6.04,0,0,81,46,81.2,51.7,-0.2,-5.7,209
2017-09-07,9,5,5.82,0,0,84,52,80.8,51.3,3.2,0.7,195
2017-09-08,9,6,5.82,0,0,87,52,80.5,50.9,6.5,1.1,211
2017-09-09,9,7,7.61,0,0,89,53,80.1,50.5,8.9,2.5,179
2017-09-10,9,1,5.14,0,0,87,54,79.7,50,7.3,4,169
2017-09-11,9,2,7.16,0.01,1,84,56,79.3,49.6,4.7,6.4,207
2017-09-12,9,3,5.59,0,0,88,53,78.9,49.2,9.1,3.8,230
2017-09-13,9,4,7.16,0,0,88,62,78.5,48.7,9.5,13.3,224
2017-09-14,9,5,8.05,0,0,86,55,78.1,48.3,7.9,6.7,216
2017-09-15,9,6,11.18,0,0,84,52,77.6,47.8,6.4,4.2,229
2017-09-16,9,7,8.72,0,0,68,48,77.2,47.3,-9.2,0.7,224
2017-09-17,9,1,7.38,0.02,1,71,46,76.8,46.9,-5.8,-0.9,193
2017-09-18,9,2,10.07,0,0,81,48,76.3,46.4,4.7,1.6,202
2017-09-19,9,3,13.65,0,0,88,45,75.9,46,12.1,-1,186
2017-09-20,9,4,10.51,0,0,77,40,75.4,45.5,1.6,-5.5,221
2017-09-21,9,5,15.66,0,0,87,51,74.9,45.1,12.1,5.9,172
2017-09-22,9,6,10.51,0,0,83,51,74.5,44.6,8.5,6.4,219
2017-09-23,9,7,8.28,0.75,1,55,43,74,44.1,-19,-1.1,152
2017-09-24,9,1,7.16,0.05,1,49,44,73.6,43.7,-24.6,0.3,139
2017-09-25,9,2,5.82,0.01,1,51,42,73.1,43.3,-22.1,-1.3,170
2017-09-26,9,3,6.49,0,0,61,44,72.7,42.8,-11.7,1.2,162
2017-09-27,9,4,5.82,0.01,1,54,48,72.2,42.4,-18.2,5.6,202
2017-09-28,9,5,7.38,0.42,1,61,47,71.8,42,-10.8,5,204
2017-09-29,9,6,5.37,0,0,65,43,71.3,41.5,-6.3,1.5,212
2017-09-30,9,7,8.95,0.11,1,71,43,70.9,41.1,0.1,1.9,198
2017-10-01,10,1,10.29,0.06,1,75,46,70.4,40.7,4.6,5.3,192
2017-10-02,10,2,7.83,0.09,1,49,37,70,40.3,-21,-3.3,208
2017-10-03,10,3,6.71,0,0,61,38,69.6,39.9,-8.6,-1.9,203
2017-10-04,10,4,7.61,0,0,70,49,69.2,39.6,0.8,9.4,218
2017-10-05,10,5,4.92,0.02,1,66,46,68.8,39.2,-2.8,6.8,197
2017-10-06,10,6,9.84,0,0,65,43,68.4,38.8,-3.4,4.2,210
2017-10-07,10,7,7.61,0,0,77,38,68,38.5,9,-0.5,184
2017-10-08,10,1,12.53,0.15,1,67,32,67.6,38.1,-0.6,-6.1,181
2017-10-09,10,2,9.17,0.25,1,33,25,67.3,37.8,-34.3,-12.8,163
2017-10-10,10,3,5.37,0,0,59,23,66.9,37.5,-7.9,-14.5,180
2017-10-11,10,4,5.82,0,0,74,34,66.5,37.1,7.5,-3.1,175
2017-10-12,10,5,10.51,0,0,78,43,66.2,36.8,11.8,6.2,223
2017-10-13,10,6,6.04,0,0,65,35,65.8,36.5,-0.8,-1.5,197
2017-10-14,10,7,10.07,0,0,56,32,65.5,36.2,-9.5,-4.2,185
2017-10-15,10,1,6.26,0,0,66,27,65.2,35.9,0.8,-8.9,168
2017-10-16,10,2,5.82,0,0,74,36,64.8,35.6,9.2,0.4,193
2017-10-17,10,3,6.04,0,0,75,35,64.5,35.3,10.5,-0.3,202
2017-10-18,10,4,8.28,0,0,75,46,64.2,35,10.8,11,180
2017-10-19,10,5,7.16,0,0,77,43,63.8,34.7,13.2,8.3,179
2017-10-20,10,6,8.72,0,0,77,43,63.5,34.4,13.5,8.6,219
2017-10-21,10,7,12.3,0,0,59,36,63.2,34.1,-4.2,1.9,195
2017-10-22,10,1,9.4,0,0,66,34,62.8,33.8,3.2,0.2,158
2017-10-23,10,2,6.71,0,0,61,30,62.5,33.5,-1.5,-3.5,201
2017-10-24,10,3,5.82,0,0,61,29,62.2,33.2,-1.2,-4.2,159
2017-10-25,10,4,7.16,0,0,82,37,61.8,32.9,20.2,4.1,155
2017-10-26,10,5,10.51,0,0,57,28,61.4,32.6,-4.4,-4.6,178
2017-10-27,10,6,3.8,0,0,42,18,61.1,32.3,-19.1,-14.3,200
2017-10-28,10,7,3.36,0,0,55,33,60.7,32,-5.7,1,172
2017-10-29,10,1,9.4,0,0,72,35,60.3,31.7,11.7,3.3,196
2017-10-30,10,2,6.93,0,0,38,26,60,31.3,-22,-5.3,166
2017-10-31,10,3,8.28,0,0,56,26,59.6,31,-3.6,-5,179
2017-11-01,11,4,8.28,0,0,69,40,59.2,30.7,9.8,9.3,234
2017-11-02,11,5,4.92,0,0,50,28,58.7,30.3,-8.7,-2.3,182
2017-11-03,11,6,5.37,0,0,63,26,58.3,30,4.7,-4,189
2017-11-04,11,7,18.79,0,0,68,40,57.9,29.6,10.1,10.4,184
2017-11-05,11,1,5.82,0,0,54,29,57.4,29.2,-3.4,-0.2,174
2017-11-06,11,2,4.25,0,0,37,27,57,28.8,-20,-1.8,174
2017-11-07,11,3,6.71,0.03,1,34,25,56.5,28.4,-22.5,-3.4,170
2017-11-08,11,4,4.92,0,0,62,24,56,28,6,-4,171
2017-11-09,11,5,4.03,0,0,44,28,55.6,27.6,-11.6,0.4,168
2017-11-10,11,6,3.36,0,0,65,22,55.1,27.2,9.9,-5.2,196
2017-11-11,11,7,6.93,0,0,59,27,54.6,26.8,4.4,0.2,184
2017-11-12,11,1,10.51,0,0,57,28,54.1,26.4,2.9,1.6,170
2017-11-13,11,2,5.14,0,0,71,37,53.6,26,17.4,11,189
2017-11-14,11,3,4.92,0,0,68,34,53.1,25.6,14.9,8.4,177
2017-11-15,11,4,7.16,0,0,57,22,52.5,25.1,4.5,-3.1,170
2017-11-16,11,5,13.2,0,0,73,34,52,24.7,21,9.3,185
2017-11-17,11,6,13.42,0.22,1,64,33,51.5,24.3,12.5,8.7,190
2017-11-18,11,7,8.5,0,0,46,23,51,23.8,-5,-0.8,179
2017-11-19,11,1,8.72,0,0,60,24,50.5,23.4,9.5,0.6,185
2017-11-20,11,2,8.05,0,0,66,36,50,23,16,13,172
2017-11-21,11,3,7.83,0,0,56,34,49.5,22.6,6.5,11.4,196
2017-11-22,11,4,7.61,0,0,68,35,49,22.1,19,12.9,180
2017-11-23,11,5,6.04,0,0,69,38,48.5,21.7,20.5,16.3,123
2017-11-24,11,6,8.05,0,0,68,38,48.1,21.3,19.9,16.7,159
2017-11-25,11,7,6.71,0,0,61,33,47.6,20.9,13.4,12.1,176
2017-11-26,11,1,9.17,0,0,72,39,47.2,20.6,24.8,18.4,197
2017-11-27,11,2,12.75,0,0,78,41,46.7,20.2,31.3,20.8,190
2017-11-28,11,3,6.93,0,0,45,32,46.3,19.8,-1.3,12.2,163
2017-11-29,11,4,9.17,0,0,63,30,45.9,19.5,17.1,10.5,198
2017-11-30,11,5,9.17,0,0,61,28,45.6,19.1,15.4,8.9,175
2017-12-01,12,6,7.83,0,0,62,33,45.2,18.8,16.8,14.2,209
2017-12-02,12,7,7.61,0,0,63,34,44.9,18.5,18.1,15.5,191
2017-12-03,12,1,16.33,0,0,67,44,44.6,18.2,22.4,25.8,191
2017-12-04,12,2,10.96,0,0,48,16,44.3,18,3.7,-2,137
2017-12-05,12,3,6.93,0,0,51,13,44,17.7,7,-4.7,188
2017-12-06,12,4,6.93,0,0,34,14,43.8,17.5,-9.8,-3.5,163
2017-12-07,12,5,6.71,0,0,35,6,43.5,17.3,-8.5,-11.3,180
2017-12-08,12,6,8.72,0,0,54,30,43.3,17.1,10.7,12.9,175
2017-12-09,12,7,5.82,0,0,60,24,43.2,16.9,16.8,7.1,182
2017-12-10,12,1,4.03,0,0,61,22,43,16.7,18,5.3,176
2017-12-11,12,2,7.38,0,0,58,26,42.9,16.6,15.1,9.4,160
2017-12-12,12,3,6.04,0,0,67,25,42.8,16.4,24.2,8.6,182
2017-12-13,12,4,5.82,0,0,50,28,42.7,16.3,7.3,11.7,170
2017-12-14,12,5,6.93,0.05,1,36,19,42.7,16.2,-6.7,2.8,174
2017-12-15,12,6,8.05,0,0,60,19,42.6,16.2,17.4,2.8,199
2017-12-16,12,7,5.14,0,0,48,28,42.6,16.1,5.4,11.9,165
2017-12-17,12,1,3.36,0,0,39,21,42.6,16.1,-3.6,4.9,172
2017-12-18,12,2,5.82,0,0,58,19,42.6,16,15.4,3,162
2017-12-19,12,3,5.59,0,0,52,24,42.7,16,9.3,8,180
2017-12-20,12,4,8.5,0,0,65,33,42.7,16,22.3,17,196
2017-12-21,12,5,8.28,0,0,43,10,42.8,16,0.2,-6,140
2017-12-22,12,6,6.71,0,0,45,9,42.8,16.1,2.2,-7.1,187
2017-12-23,12,7,6.71,0,0,48,7,42.9,16.1,5.1,-9.1,131
2017-12-24,12,1,7.38,0,0,30,-1,43,16.1,-13,-17.1,119
2017-12-25,12,2,3.8,0,0,25,9,43.1,16.2,-18.1,-7.2,80
2017-12-26,12,3,3.58,0,0,15,7,43.2,16.2,-28.2,-9.2,112
2017-12-27,12,4,6.71,0,0,56,5,43.3,16.3,12.7,-11.3,178
2017-12-28,12,5,8.72,0,0,53,25,43.4,16.4,9.6,8.6,133
2017-12-29,12,6,7.83,0,0,62,18,43.6,16.4,18.4,1.6,182
2017-12-30,12,7,6.26,0,0,58,14,43.7,16.5,14.3,-2.5,149
2017-12-31,12,1,5.14,0,0,30,9,43.8,16.6,-13.8,-7.6,147
2018-01-01,1,2,3.58,0,0,37,5,43.9,16.7,-6.9,-11.7,215
2018-01-02,1,3,5.59,0,0,45,9,44,16.7,1,-7.7,176
2018-01-03,1,4,6.71,0,0,55,17,44.1,16.8,10.9,0.2,192
2018-01-04,1,5,5.59,0,0,51,18,44.2,16.9,6.8,1.1,183
2018-01-05,1,6,5.37,0,0,59,23,44.3,17,14.7,6,174
2018-01-06,1,7,3.8,0,0,59,27,44.4,17,14.6,10,185
2018-01-07,1,1,6.04,0,0,50,27,44.5,17.1,5.5,9.9,166
2018-01-08,1,2,3.8,0,0,55,26,44.5,17.2,10.5,8.8,185
2018-01-09,1,3,7.83,0,0,66,33,44.6,17.2,21.4,15.8,197
2018-01-10,1,4,7.16,0.06,1,58,24,44.6,17.3,13.4,6.7,192
2018-01-11,1,5,6.93,0,0,40,16,44.7,17.3,-4.7,-1.3,173
2018-01-12,1,6,7.16,0,0,46,23,44.7,17.4,1.3,5.6,193
2018-01-13,1,7,5.37,0,0,50,19,44.7,17.4,5.3,1.6,166
2018-01-14,1,1,8.72,0,0,58,21,44.7,17.5,13.3,3.5,179
2018-01-15,1,2,6.71,0,0,30,2,44.7,17.5,-14.7,-15.5,146
2018-01-16,1,3,4.92,0,0,36,-1,44.7,17.5,-8.7,-18.5,179
2018-01-17,1,4,5.37,0,0,50,14,44.7,17.5,5.3,-3.5,218
2018-01-18,1,5,6.49,0,0,64,27,44.7,17.6,19.3,9.4,209
2018-01-19,1,6,10.96,0,0,68,36,44.7,17.6,23.3,18.4,248
2018-01-20,1,7,12.08,0,0,60,28,44.7,17.6,15.3,10.4,188
2018-01-21,1,1,14.09,0.17,1,28,21,44.6,17.6,-16.6,3.4,141
2018-01-22,1,2,8.5,0,0,40,18,44.6,17.6,-4.6,0.4,152
2018-01-23,1,3,6.04,0,0,38,16,44.6,17.6,-6.6,-1.6,192
2018-01-24,1,4,7.61,0,0,49,17,44.5,17.7,4.5,-0.7,196
2018-01-25,1,5,16.55,0,0,54,35,44.5,17.7,9.5,17.3,182
2018-01-26,1,6,11.41,0,0,40,18,44.5,17.7,-4.5,0.3,215
2018-01-27,1,7,7.16,0,0,43,16,44.4,17.7,-1.4,-1.7,170
2018-01-28,1,1,7.16,0,0,50,23,44.4,17.7,5.6,5.3,174
2018-01-29,1,2,6.04,0,0,57,37,44.4,17.8,12.6,19.2,204
2018-01-30,1,3,8.72,0,0,63,37,44.4,17.8,18.6,19.2,206
2018-01-31,1,4,6.71,0,0,54,21,44.4,17.8,9.6,3.2,182
2018-02-01,2,5,6.26,0,0,34,23,44.4,17.9,-10.4,5.1,207
2018-02-02,2,6,4.7,0,0,59,20,44.4,17.9,14.6,2.1,227
2018-02-03,2,7,11.41,0,0,56,30,44.4,18,11.6,12,189
2018-02-04,2,1,5.14,0,0,43,11,44.5,18,-1.5,-7,163
2018-02-05,2,2,11.63,0,0,53,24,44.5,18.1,8.5,5.9,176
2018-02-06,2,3,5.37,0,0,47,22,44.6,18.2,2.4,3.8,183
2018-02-07,2,4,10.07,0,0,55,20,44.7,18.3,10.3,1.7,190
2018-02-08,2,5,7.83,0,0,59,27,44.7,18.4,14.3,8.6,217
2018-02-09,2,6,6.71,0,0,52,17,44.9,18.5,7.1,-1.5,182
2018-02-10,2,7,5.59,0.1,1,19,7,45,18.6,-26,-11.6,140
2018-02-11,2,1,8.72,0,0,39,4,45.1,18.8,-6.1,-14.8,119
2018-02-12,2,2,6.26,0,0,28,16,45.3,18.9,-17.3,-2.9,151
2018-02-13,2,3,8.28,0,0,57,33,45.4,19.1,11.6,13.9,157
2018-02-14,2,4,16.33,0,0,62,35,45.6,19.2,16.4,15.8,193
2018-02-15,2,5,10.51,0.01,1,48,20,45.8,19.4,2.2,0.6,176
2018-02-16,2,6,9.4,0,0,46,13,46,19.6,0,-6.6,195
2018-02-17,2,7,11.18,0,0,53,26,46.2,19.8,6.8,6.2,190
2018-02-18,2,1,14.99,0,0,67,23,46.4,20,20.6,3,173
2018-02-19,2,2,6.71,0.1,1,23,6,46.7,20.2,-23.7,-14.2,149
2018-02-20,2,3,4.7,0,0,18,-2,46.9,20.4,-28.9,-22.4,139
2018-02-21,2,4,4.03,0,0,29,0,47.2,20.6,-18.2,-20.6,165
2018-02-22,2,5,4.03,0.02,1,29,9,47.5,20.8,-18.5,-11.8,143
2018-02-23,2,6,5.82,0,0,34,8,47.7,21.1,-13.7,-13.1,210
2018-02-24,2,7,9.17,0,0,35,15,48,21.3,-13,-6.3,175
2018-02-25,2,1,9.17,0,0,39,14,48.3,21.6,-9.3,-7.6,143
2018-02-26,2,2,5.82,0,0,55,19,48.6,21.8,6.4,-2.8,164
2018-02-27,2,3,6.93,0,0,55,24,48.9,22.1,6.1,1.9,199
2018-02-28,2,4,5.82,0,0,47,21,49.2,22.4,-2.2,-1.4,215
2018-03-01,3,5,8.05,0,0,56,22,49.5,22.6,6.5,-0.6,240
2018-03-02,3,6,14.54,0,0,67,31,49.8,22.9,17.2,8.1,199
2018-03-03,3,7,13.65,0,0,70,42,50.1,23.1,19.9,18.9,185
2018-03-04,3,1,17.22,0,0,64,29,50.4,23.4,13.6,5.6,139
2018-03-05,3,2,19.91,0,0,40,25,50.8,23.7,-10.8,1.3,175
2018-03-06,3,3,10.07,0,0,45,20,51.1,23.9,-6.1,-3.9,182
2018-03-07,3,4,8.05,0,0,51,15,51.4,24.2,-0.4,-9.2,202
2018-03-08,3,5,6.26,0,0,62,31,51.6,24.5,10.4,6.5,179
2018-03-09,3,6,6.93,0,0,63,28,51.9,24.7,11.1,3.3,208
2018-03-10,3,7,8.95,0,0,53,20,52.2,25,0.8,-5,168
2018-03-11,3,1,5.14,0,0,49,14,52.5,25.3,-3.5,-11.3,180
2018-03-12,3,2,6.49,0,0,57,25,52.8,25.5,4.2,-0.5,151
2018-03-13,3,3,9.17,0,0,57,23,53,25.8,4,-2.8,183
2018-03-14,3,4,8.28,0,0,65,28,53.3,26,11.7,2,169
2018-03-15,3,5,11.41,0.09,1,65,34,53.6,26.3,11.4,7.7,178
2018-03-16,3,6,10.07,0.01,1,53,30,53.8,26.5,-0.8,3.5,181
2018-03-17,3,7,14.32,0,0,61,28,54.1,26.7,6.9,1.3,179
2018-03-18,3,1,9.62,0.47,1,53,29,54.3,27,-1.3,2,163
2018-03-19,3,2,5.82,0,0,41,24,54.5,27.2,-13.5,-3.2,191
2018-03-20,3,3,10.51,0,0,47,19,54.7,27.4,-7.7,-8.4,177
2018-03-21,3,4,8.05,0,0,58,29,55,27.7,3,1.3,198
2018-03-22,3,5,8.95,0,0,70,34,55.2,27.9,14.8,6.1,212
2018-03-23,3,6,16.33,0,0,70,43,55.4,28.1,14.6,14.9,215
2018-03-24,3,7,12.97,0,0,64,31,55.6,28.3,8.4,2.7,162
2018-03-25,3,1,9.4,0,0,64,31,55.8,28.6,8.2,2.4,187
2018-03-26,3,2,6.93,0.4,1,52,28,56,28.8,-4,-0.8,175
2018-03-27,3,3,9.4,0.16,1,43,24,56.2,29,-13.2,-5,151
2018-03-28,3,4,5.14,0.13,1,45,25,56.4,29.2,-11.4,-4.2,128
2018-03-29,3,5,7.83,0.04,1,46,24,56.6,29.5,-10.6,-5.5,153
2018-03-30,3,6,7.61,0,0,61,28,56.8,29.7,4.2,-1.7,196
2018-03-31,3,7,8.95,0,0,61,25,57,29.9,4,-4.9,198
2018-04-01,4,1,7.83,0,0,54,26,57.2,30.1,-3.2,-4.1,196
2018-04-02,4,2,14.09,0,0,73,34,57.4,30.4,15.6,3.6,165
2018-04-03,4,3,10.51,0,0,46,30,57.6,30.6,-11.6,-0.6,177
2018-04-04,4,4,6.93,0,0,61,24,57.8,30.8,3.2,-6.8,185
2018-04-05,4,5,8.5,0,0,65,34,58.1,31.1,6.9,2.9,206
2018-04-06,4,6,9.17,0.02,1,45,23,58.3,31.3,-13.3,-8.3,223
2018-04-07,4,7,7.83,0,0,59,22,58.5,31.6,0.5,-9.6,194
2018-04-08,4,1,14.32,0.01,1,60,40,58.7,31.8,1.3,8.2,181
2018-04-09,4,2,6.04,0.08,1,53,32,59,32.1,-6,-0.1,192
2018-04-10,4,3,5.37,0,0,69,31,59.2,32.4,9.8,-1.4,206
2018-04-11,4,4,11.41,0,0,78,48,59.5,32.6,18.5,15.4,185
2018-04-12,4,5,11.86,0.01,1,76,37,59.7,32.9,16.3,4.1,250
2018-04-13,4,6,16.11,0.26,1,41,30,60,33.2,-19,-3.2,192
2018-04-14,4,7,13.65,0,0,54,29,60.3,33.5,-6.3,-4.5,202
2018-04-15,4,1,8.05,0,0,61,27,60.5,33.8,0.5,-6.8,205
2018-04-16,4,2,8.5,0,0,73,34,60.8,34.1,12.2,-0.1,195
2018-04-17,4,3,21.92,0,0,69,36,61.1,34.4,7.9,1.6,174
2018-04-18,4,4,8.28,0,0,54,29,61.4,34.7,-7.4,-5.7,224
2018-04-19,4,5,19.01,0,0,65,31,61.7,35,3.3,-4,179
2018-04-20,4,6,14.09,0.13,1,55,34,62,35.3,-7,-1.3,227
2018-04-21,4,7,6.49,0.14,1,38,31,62.3,35.6,-24.3,-4.6,189
2018-04-22,4,1,7.16,0,0,63,30,62.7,36,0.3,-6,175
2018-04-23,4,2,8.72,0.01,1,72,37,63,36.3,9,0.7,218
2018-04-24,4,3,7.61,0.16,1,37,31,63.3,36.6,-26.3,-5.6,213
2018-04-25,4,4,4.92,0,0,65,27,63.6,37,1.4,-10,202
2018-04-26,4,5,10.96,0,0,57,39,64,37.3,-7,1.7,211
2018-04-27,4,6,5.82,0,0,71,34,64.3,37.6,6.7,-3.6,201
2018-04-28,4,7,7.61,0,0,76,37,64.6,38,11.4,-1,208
2018-04-29,4,1,13.87,0,0,79,50,65,38.3,14,11.7,190
2018-04-30,4,2,6.71,0,0,75,44,65.3,38.7,9.7,5.3,175
2018-05-01,5,3,10.29,0,0,68,43,65.6,39,2.4,4,256
2018-05-02,5,4,7.38,0.53,1,53,32,66,39.3,-13,-7.3,203
2018-05-03,5,5,10.07,0.83,1,49,36,66.3,39.7,-17.3,-3.7,217
2018-05-04,5,6,7.38,0,0,66,37,66.6,40,-0.6,-3,209
2018-05-05,5,7,5.59,0,0,73,45,67,40.4,6,4.6,192
2018-05-06,5,1,5.82,0,0,77,47,67.3,40.7,9.7,6.3,190
2018-05-07,5,2,7.38,0,0,79,49,67.6,41,11.4,8,203
2018-05-08,5,3,6.49,0,0,75,50,68,41.4,7,8.6,204
2018-05-09,5,4,6.04,0,0,79,47,68.3,41.7,10.7,5.3,228
2018-05-10,5,5,10.51,0,0,87,47,68.6,42,18.4,5,198
2018-05-11,5,6,9.4,0,0,78,39,68.9,42.3,9.1,-3.3,223
2018-05-12,5,7,8.5,0.01,1,67,51,69.2,42.6,-2.2,8.4,190
2018-05-13,5,1,7.61,0.03,1,62,48,69.6,43,-7.6,5,190
2018-05-14,5,2,6.71,0.15,1,66,48,69.9,43.3,-3.9,4.7,201
2018-05-15,5,3,6.71,0.06,1,73,43,70.2,43.6,2.8,-0.6,189
2018-05-16,5,4,9.17,0,0,79,49,70.5,43.9,8.5,5.1,211
2018-05-17,5,5,7.38,0,0,84,51,70.8,44.2,13.2,6.8,177
2018-05-18,5,6,9.62,0.01,1,64,51,71.1,44.5,-7.1,6.5,199
2018-05-19,5,7,10.29,0.1,1,51,42,71.5,44.8,-20.5,-2.8,187
2018-05-20,5,1,7.61,0,0,56,41,71.8,45.1,-15.8,-4.1,180
2018-05-21,5,2,7.61,0,0,79,43,72.1,45.4,6.9,-2.4,206
2018-05-22,5,3,8.28,0.01,1,80,46,72.4,45.7,7.6,0.3,180
2018-05-23,5,4,8.28,0,0,82,45,72.7,46,9.3,-1,175
2018-05-24,5,5,5.82,0,0,83,48,73,46.3,10,1.7,221
2018-05-25,5,6,8.05,0,0,88,52,73.4,46.6,14.6,5.4,221
2018-05-26,5,7,8.5,0,0,90,55,73.7,46.9,16.3,8.1,213
2018-05-27,5,1,11.41,0.01,1,85,58,74,47.1,11,10.9,183
2018-05-28,5,2,9.84,0.41,1,69,51,74.4,47.4,-5.4,3.6,195
2018-05-29,5,3,7.61,0.02,1,74,47,74.7,47.7,-0.7,-0.7,211
2018-05-30,5,4,9.4,0.01,1,79,50,75,48,4,2,206
2018-05-31,5,5,11.41,0,0,88,53,75.4,48.3,12.6,4.7,188
2018-06-01,6,6,10.96,0,0,88,55,75.7,48.6,12.3,6.4,240
2018-06-02,6,7,8.72,0,0,79,47,76.1,48.9,2.9,-1.9,187
2018-06-03,6,1,8.05,0,0,74,53,76.4,49.2,-2.4,3.8,184
2018-06-04,6,2,7.61,0,0,90,50,76.8,49.4,13.2,0.6,158
2018-06-05,6,3,8.72,0,0,92,62,77.2,49.7,14.8,12.3,196
2018-06-06,6,4,9.84,0,0,91,59,77.6,50,13.4,9,191
2018-06-07,6,5,14.76,0,0,90,58,77.9,50.3,12.1,7.7,189
2018-06-08,6,6,8.28,0,0,94,61,78.3,50.6,15.7,10.4,192
2018-06-09,6,7,7.38,0,0,93,56,78.7,50.9,14.3,5.1,168
2018-06-10,6,1,7.38,0,0,94,57,79.1,51.2,14.9,5.8,200
2018-06-11,6,2,9.62,0,0,84,54,79.5,51.5,4.5,2.5,177
2018-06-12,6,3,8.5,0,0,85,53,79.9,51.8,5.1,1.2,168
2018-06-13,6,4,13.65,0,0,89,61,80.3,52.1,8.7,8.9,189
2018-06-14,6,5,10.51,0,0,94,61,80.7,52.4,13.3,8.6,205
2018-06-15,6,6,7.38,0,0,91,25,81.1,52.7,9.9,-27.7,216
2018-06-16,6,7,7.38,0,0,84,57,81.5,53,2.5,4,198
2018-06-17,6,1,8.72,0.81,1,74,56,81.9,53.3,-7.9,2.7,191
2018-06-18,6,2,7.16,0.02,1,82,55,82.3,53.6,-0.3,1.4,159
2018-06-19,6,3,10.51,0.08,1,78,55,82.6,53.9,-4.6,1.1,175
2018-06-20,6,4,7.16,0,0,76,48,83,54.2,-7,-6.2,220
2018-06-21,6,5,7.16,0,0,84,50,83.4,54.5,0.6,-4.5,199
2018-06-22,6,6,9.62,0,0,83,59,83.8,54.7,-0.8,4.3,223
2018-06-23,6,7,7.38,0,0,86,50,84.1,55,1.9,-5,193
2018-06-24,6,1,6.71,0.19,1,68,50,84.5,55.3,-16.5,-5.3,162
2018-06-25,6,2,7.16,0,0,82,47,84.8,55.6,-2.8,-8.6,209
2018-06-26,6,3,6.04,0,0,95,53,85.2,55.8,9.8,-2.8,194
2018-06-27,6,4,6.71,0,0,98,60,85.5,56.1,12.5,3.9,217
2018-06-28,6,5,8.95,0,0,101,62,85.8,56.3,15.2,5.7,184
2018-06-29,6,6,11.86,0,0,93,67,86.1,56.6,6.9,10.4,244
2018-06-30,6,7,10.07,0.03,1,74,54,86.4,56.8,-12.4,-2.8,212
2018-07-01,7,1,6.93,0,0,86,50,86.7,57.1,-0.7,-7.1,222
2018-07-02,7,2,9.62,0.01,1,94,56,86.9,57.3,7.1,-1.3,192
2018-07-03,7,3,6.26,0,0,94,56,87.2,57.5,6.8,-1.5,196
2018-07-04,7,4,8.28,0.02,1,91,57,87.4,57.7,3.6,-0.7,226
2018-07-05,7,5,13.87,0.14,1,85,61,87.6,57.9,-2.6,3.1,188
2018-07-06,7,6,9.17,0,0,90,58,87.8,58.1,2.2,-0.1,219
2018-07-07,7,7,9.17,0.04,1,96,62,87.9,58.3,8.1,3.7,186
2018-07-08,7,1,6.93,0,0,96,61,88.1,58.4,7.9,2.6,194
2018-07-09,7,2,7.83,0,0,92,59,88.2,58.6,3.8,0.4,170
2018-07-10,7,3,10.51,0,0,95,64,88.4,58.7,6.6,5.3,201
2018-07-11,7,4,9.62,0,0,93,59,88.5,58.9,4.5,0.1,209
2018-07-12,7,5,10.51,0,0,86,64,88.6,59,-2.6,5,209
2018-07-13,7,6,7.61,0,0,88,58,88.6,59.1,-0.6,-1.1,209
2018-07-14,7,7,8.5,0,0,94,63,88.7,59.2,5.3,3.8,196
2018-07-15,7,1,9.62,0.55,1,74,60,88.7,59.3,-14.7,0.7,176
2018-07-16,7,2,5.59,0,0,89,57,88.7,59.4,0.3,-2.4,207
2018-07-17,7,3,8.72,0,0,87,61,88.8,59.5,-1.8,1.5,213
2018-07-18,7,4,7.83,0,0,93,60,88.8,59.5,4.2,0.5,192
2018-07-19,7,5,6.04,0,0,95,63,88.7,59.6,6.3,3.4,191
2018-07-20,7,6,7.16,0,0,94,62,88.7,59.6,5.3,2.4,253
2018-07-21,7,7,7.38,0,0,94,67,88.7,59.7,5.3,7.3,204
2018-07-22,7,1,7.83,0.08,1,92,64,88.6,59.7,3.4,4.3,206
2018-07-23,7,2,6.71,0.13,1,77,59,88.6,59.7,-11.6,-0.7,204
2018-07-24,7,3,7.61,0.11,1,90,60,88.5,59.7,1.5,0.3,181
2018-07-25,7,4,8.95,0.33,1,80,59,88.4,59.7,-8.4,-0.7,231
2018-07-26,7,5,7.16,0.09,1,81,59,88.3,59.7,-7.3,-0.7,231
2018-07-27,7,6,9.62,0,0,84,59,88.2,59.7,-4.2,-0.7,191
2018-07-28,7,7,6.93,0,0,79,56,88.1,59.7,-9.1,-3.7,223
2018-07-29,7,1,7.38,0,0,79,55,88,59.6,-9,-4.6,187
2018-07-30,7,2,8.28,0,0,77,54,87.9,59.6,-10.9,-5.6,210
2018-07-31,7,3,7.61,0,0,85,53,87.8,59.6,-2.8,-6.6,205
2018-08-01,8,4,6.49,0,0,79,56,87.7,59.5,-8.7,-3.5,241
2018-08-02,8,5,6.93,0,0,91,55,87.6,59.4,3.4,-4.4,214
2018-08-03,8,6,8.28,0.26,1,81,62,87.5,59.4,-6.5,2.6,186
2018-08-04,8,7,12.53,0,0,92,65,87.4,59.3,4.6,5.7,186
2018-08-05,8,1,9.84,0,0,87,62,87.3,59.2,-0.3,2.8,210
2018-08-06,8,2,7.38,0.05,1,80,58,87.1,59.1,-7.1,-1.1,197
2018-08-07,8,3,8.95,0,0,86,58,87,59,-1,-1,177
2018-08-08,8,4,7.61,0,0,83,58,86.9,58.9,-3.9,-0.9,195
2018-08-09,8,5,6.04,0,0,87,55,86.8,58.8,0.2,-3.8,190
2018-08-10,8,6,8.5,0,0,87,58,86.6,58.7,0.4,-0.7,201
2018-08-11,8,7,10.96,0,0,88,59,86.5,58.5,1.5,0.5,171
2018-08-12,8,1,14.99,0,0,88,60,86.4,58.4,1.6,1.6,205
2018-08-13,8,2,6.49,0,0,87,53,86.3,58.3,0.7,-5.3,220
2018-08-14,8,3,8.28,0.1,1,83,60,86.1,58.1,-3.1,1.9,193
2018-08-15,8,4,10.96,0,0,87,61,86,57.9,1,3.1,214
2018-08-16,8,5,6.49,0,0,87,59,85.9,57.8,1.1,1.2,218
2018-08-17,8,6,8.28,0,0,85,61,85.7,57.6,-0.7,3.4,218
2018-08-18,8,7,9.4,0.17,1,78,56,85.6,57.4,-7.6,-1.4,194
2018-08-19,8,1,9.17,0,0,73,52,85.4,57.2,-12.4,-5.2,190
2018-08-20,8,2,5.59,0,0,79,45,85.3,57,-6.3,-12,246
2018-08-21,8,3,8.72,0.11,1,78,54,85.1,56.8,-7.1,-2.8,178
2018-08-22,8,4,7.38,0.02,1,79,56,84.9,56.5,-5.9,-0.5,231
2018-08-23,8,5,8.72,0,0,87,55,84.8,56.3,2.2,-1.3,214
2018-08-24,8,6,5.59,0,0,87,52,84.6,56,2.4,-4,232
2018-08-25,8,7,7.61,0,0,91,59,84.4,55.8,6.6,3.2,191
2018-08-26,8,1,9.62,0.01,1,89,58,84.2,55.5,4.8,2.5,186
2018-08-27,8,2,10.51,0,0,89,58,84,55.2,5,2.8,212
2018-08-28,8,3,7.38,0,0,76,52,83.8,54.9,-7.8,-2.9,244
2018-08-29,8,4,9.17,0,0,88,52,83.5,54.6,4.5,-2.6,194
2018-08-30,8,5,6.26,0,0,92,55,83.3,54.3,8.7,0.7,205
2018-08-31,8,6,6.93,0.01,1,87,57,83,53.9,4,3.1,233
2018-09-01,9,7,7.61,0,0,85,52,82.7,53.6,2.3,-1.6,255
2018-09-02,9,1,5.14,0,0,78,56,82.5,53.2,-4.5,2.8,223
2018-09-03,9,2,3.8,0.02,1,77,55,82.2,52.9,-5.2,2.1,190
2018-09-04,9,3,6.49,0,0,81,52,81.8,52.5,-0.8,-0.5,195
2018-09-05,9,4,7.38,0.49,1,74,53,81.5,52.1,-7.5,0.9,195
2018-09-06,9,5,6.71,0,0,73,53,81.2,51.7,-8.2,1.3,205
2018-09-07,9,6,5.37,0,0,75,53,80.8,51.3,-5.8,1.7,215
2018-09-08,9,7,6.49,0.01,1,85,50,80.5,50.9,4.5,-0.9,188
2018-09-09,9,1,6.71,0,0,86,55,80.1,50.5,5.9,4.5,184
2018-09-10,9,2,9.84,0,0,87,55,79.7,50,7.3,5,186
2018-09-11,9,3,8.28,0,0,89,58,79.3,49.6,9.7,8.4,180
2018-09-12,9,4,8.28,0,0,91,56,78.9,49.2,12.1,6.8,212
2018-09-13,9,5,12.3,0,0,93,55,78.5,48.7,14.5,6.3,207
2018-09-14,9,6,7.16,0,0,90,49,78.1,48.3,11.9,0.7,223
2018-09-15,9,7,8.28,0,0,91,51,77.6,47.8,13.4,3.2,211
2018-09-16,9,1,8.05,0,0,91,57,77.2,47.3,13.8,9.7,202
2018-09-17,9,2,5.59,0,0,91,57,76.8,46.9,14.2,10.1,223
2018-09-18,9,3,7.83,0,0,91,58,76.3,46.4,14.7,11.6,204
2018-09-19,9,4,6.93,0,0,85,57,75.9,46,9.1,11,192
2018-09-20,9,5,7.38,0,0,81,55,75.4,45.5,5.6,9.5,194
2018-09-21,9,6,15.66,0,0,77,49,74.9,45.1,2.1,3.9,229
2018-09-22,9,7,6.93,0,0,85,48,74.5,44.6,10.5,3.4,207
2018-09-23,9,1,8.5,0,0,86,52,74,44.1,12,7.9,217
2018-09-24,9,2,8.72,0,0,75,53,73.6,43.7,1.4,9.3,194
2018-09-25,9,3,8.05,0,0,62,38,73.1,43.3,-11.1,-5.3,176
2018-09-26,9,4,5.82,0,0,71,43,72.7,42.8,-1.7,0.2,234
2018-09-27,9,5,6.49,0,0,78,41,72.2,42.4,5.8,-1.4,172
2018-09-28,9,6,5.82,0,0,57,39,71.8,42,-14.8,-3,178
2018-09-29,9,7,8.5,0,0,83,38,71.3,41.5,11.7,-3.5,186
2018-09-30,9,1,5.37,0,0,64,40,70.9,41.1,-6.9,-1.1,212
2018-10-01,10,2,4.25,0,0,69,41,70.4,40.7,-1.4,0.3,195
2018-10-02,10,3,8.05,0,0,78,53,70,40.3,8,12.7,190
2018-10-03,10,4,11.41,0,0,85,50,69.6,39.9,15.4,10.1,199
2018-10-04,10,5,10.51,0,0,67,47,69.2,39.6,-2.2,7.4,206
2018-10-05,10,6,10.29,0.28,1,74,36,68.8,39.2,5.2,-3.2,221
2018-10-06,10,7,11.86,0.11,1,59,34,68.4,38.8,-9.4,-4.8,190
2018-10-07,10,1,7.38,0.12,1,47,38,68,38.5,-21,-0.5,182
2018-10-08,10,2,6.49,0.1,1,40,36,67.6,38.1,-27.6,-2.1,133
2018-10-09,10,3,6.71,0.04,1,37,31,67.3,37.8,-30.3,-6.8,151
2018-10-10,10,4,6.26,0.01,1,35,30,66.9,37.5,-31.9,-7.5,165
2018-10-11,10,5,4.25,0.02,1,50,34,66.5,37.1,-16.5,-3.1,212
2018-10-12,10,6,7.16,0,0,64,33,66.2,36.8,-2.2,-3.8,198
2018-10-13,10,7,9.62,0.01,1,63,26,65.8,36.5,-2.8,-10.5,170
2018-10-14,10,1,8.28,0.04,1,26,18,65.5,36.2,-39.5,-18.2,166
2018-10-15,10,2,5.37,0,0,46,13,65.2,35.9,-19.2,-22.9,163
2018-10-16,10,3,4.25,0,0,54,24,64.8,35.6,-10.8,-11.6,174
2018-10-17,10,4,14.32,0,0,58,29,64.5,35.3,-6.5,-6.3,199
2018-10-18,10,5,14.32,0,0,67,38,64.2,35,2.8,3,204
2018-10-19,10,6,7.61,0,0,65,36,63.8,34.7,1.2,1.3,195
2018-10-20,10,7,7.38,0,0,69,34,63.5,34.4,5.5,-0.4,160
2018-10-21,10,1,5.82,0,0,72,40,63.2,34.1,8.8,5.9,166
2018-10-22,10,2,6.71,0,0,73,38,62.8,33.8,10.2,4.2,202
2018-10-23,10,3,12.3,0,0,65,45,62.5,33.5,2.5,11.5,218
2018-10-24,10,4,4.25,0,0,58,39,62.2,33.2,-4.2,5.8,174
2018-10-25,10,5,7.61,0,0,64,40,61.8,32.9,2.2,7.1,200
2018-10-26,10,6,5.82,0,0,66,36,61.4,32.6,4.6,3.4,218
2018-10-27,10,7,8.28,0,0,72,41,61.1,32.3,10.9,8.7,198
2018-10-28,10,1,6.04,0,0,75,37,60.7,32,14.3,5,176
2018-10-29,10,2,8.5,0,0,77,41,60.3,31.7,16.7,9.3,177
2018-10-30,10,3,5.37,0.22,1,42,32,60,31.3,-18,0.7,162
2018-10-31,10,4,6.04,0.04,1,43,30,59.6,31,-16.6,-1,174
2018-11-01,11,5,7.16,0,0,52,30,59.2,30.7,-7.2,-0.7,228
2018-11-02,11,6,9.4,0,0,64,30,58.7,30.3,5.3,-0.3,179
2018-11-03,11,7,8.5,0.06,1,50,30,58.3,30,-8.3,0,205
2018-11-04,11,1,8.5,0,0,53,29,57.9,29.6,-4.9,-0.6,168
2018-11-05,11,2,12.3,0,0,52,30,57.4,29.2,-5.4,0.8,192
2018-11-06,11,3,6.26,0,0,50,25,57,28.8,-7,-3.8,153
2018-11-07,11,4,5.59,0,0,43,23,56.5,28.4,-13.5,-5.4,178
2018-11-08,11,5,4.92,0,0,36,21,56,28,-20,-7,155
2018-11-09,11,6,5.59,0,0,48,16,55.6,27.6,-7.6,-11.6,200
2018-11-10,11,7,6.71,0,0,55,24,55.1,27.2,-0.1,-3.2,155
2018-11-11,11,1,9.62,0.06,1,32,20,54.6,26.8,-22.6,-6.8,104
2018-11-12,11,2,7.38,0.02,1,26,12,54.1,26.4,-28.1,-14.4,129
2018-11-13,11,3,4.47,0,0,46,15,53.6,26,-7.6,-11,165
2018-11-14,11,4,4.25,0,0,59,26,53.1,25.6,5.9,0.4,170
2018-11-15,11,5,6.93,0,0,57,31,52.5,25.1,4.5,5.9,169
2018-11-16,11,6,6.71,0,0,52,31,52,24.7,0,6.3,215
2018-11-17,11,7,6.04,0,0,35,20,51.5,24.3,-16.5,-4.3,178
2018-11-18,11,1,4.25,0,0,50,18,51,23.8,-1,-5.8,166
2018-11-19,11,2,7.16,0,0,49,20,50.5,23.4,-1.5,-3.4,163
2018-11-20,11,3,6.26,0,0,57,24,50,23,7,1,173
2018-11-21,11,4,3.58,0,0,60,25,49.5,22.6,10.5,2.4,188
2018-11-22,11,5,5.37,0,0,59,28,49,22.1,10,5.9,119
2018-11-23,11,6,13.42,0,0,52,28,48.5,21.7,3.5,6.3,194
2018-11-24,11,7,15.66,0.08,1,60,26,48.1,21.3,11.9,4.7,159
2018-11-25,11,1,8.05,0.01,1,39,19,47.6,20.9,-8.6,-1.9,173
2018-11-26,11,2,5.82,0,0,50,13,47.2,20.6,2.8,-7.6,178
2018-11-27,11,3,8.05,0,0,55,26,46.7,20.2,8.3,5.8,172
2018-11-28,11,4,7.38,0,0,56,34,46.3,19.8,9.7,14.2,187
2018-11-29,11,5,5.14,0,0,50,29,45.9,19.5,4.1,9.5,192
2018-11-30,11,6,4.7,0,0,35,24,45.6,19.1,-10.6,4.9,174
2018-12-01,12,7,6.26,0,0,42,19,45.2,18.8,-3.2,0.2,172
2018-12-02,12,1,5.59,0,0,34,13,44.9,18.5,-10.9,-5.5,149
2018-12-03,12,2,2.68,0,0,32,21,44.6,18.2,-12.6,2.8,172
2018-12-04,12,3,8.28,0,0,36,14,44.3,18,-8.3,-4,180
2018-12-05,12,4,5.82,0,0,50,14,44,17.7,6,-3.7,157
2018-12-06,12,5,5.37,0,0,31,15,43.8,17.5,-12.8,-2.5,199
2018-12-07,12,6,5.82,0,0,46,14,43.5,17.3,2.5,-3.3,185
2018-12-08,12,7,4.25,0,0,49,17,43.3,17.1,5.7,-0.1,163
2018-12-09,12,1,4.03,0,0,43,17,43.2,16.9,-0.2,0.1,153
2018-12-10,12,2,5.82,0,0,58,16,43,16.7,15,-0.7,153
2018-12-11,12,3,8.28,0,0,58,31,42.9,16.6,15.1,14.4,170
2018-12-12,12,4,12.3,0,0,58,31,42.8,16.4,15.2,14.6,195
2018-12-13,12,5,7.16,0,0,40,21,42.7,16.3,-2.7,4.7,169
2018-12-14,12,6,8.28,0,0,52,21,42.7,16.2,9.3,4.8,212
2018-12-15,12,7,4.92,0,0,54,28,42.6,16.2,11.4,11.8,195
2018-12-16,12,1,5.59,0,0,61,24,42.6,16.1,18.4,7.9,162
2018-12-17,12,2,4.47,0,0,58,21,42.6,16.1,15.4,4.9,175
2018-12-18,12,3,5.14,0,0,55,26,42.6,16,12.4,10,193
2018-12-19,12,4,13.87,0,0,49,24,42.7,16,6.3,8,174
2018-12-20,12,5,7.61,0,0,50,19,42.7,16,7.3,3,181
2018-12-21,12,6,8.28,0,0,62,25,42.8,16,19.2,9,181
2018-12-22,12,7,8.28,0,0,41,17,42.8,16.1,-1.8,0.9,188
2018-12-23,12,1,7.83,0,0,49,13,42.9,16.1,6.1,-3.1,173
2018-12-24,12,2,4.47,0,0,47,22,43,16.1,4,5.9,123
2018-12-25,12,3,5.82,0,0,47,22,43.1,16.2,3.9,5.8,82
2018-12-26,12,4,7.16,0,0,38,18,43.2,16.2,-5.2,1.8,136
2018-12-27,12,5,9.17,0,0,28,15,43.3,16.3,-15.3,-1.3,140
2018-12-28,12,6,5.14,0,0,23,11,43.4,16.4,-20.4,-5.4,162
2018-12-29,12,7,4.92,0,0,41,5,43.6,16.4,-2.6,-11.4,161
2018-12-30,12,1,8.28,0,0,52,24,43.7,16.5,8.3,7.5,144
2018-12-31,12,2,10.07,0,0,33,2,43.8,16.6,-10.8,-14.6,137
2019-01-01,1,3,4.92,0,0,13,-4,43.9,16.7,-30.9,-20.7,200
2019-01-02,1,4,4.25,0,0,37,4,44,16.7,-7,-12.7,165
2019-01-03,1,5,3.8,0,0,52,12,44.1,16.8,7.9,-4.8,181
2019-01-04,1,6,5.14,0,0,62,24,44.2,16.9,17.8,7.1,171
2019-01-05,1,7,5.37,0,0,58,25,44.3,17,13.7,8,176
2019-01-06,1,1,4.92,0,0,55,27,44.4,17,10.6,10,145
2019-01-07,1,2,10.96,0,0,52,29,44.5,17.1,7.5,11.9,210
2019-01-08,1,3,7.83,0,0,49,22,44.5,17.2,4.5,4.8,191
2019-01-09,1,4,3.58,0,0,53,18,44.6,17.2,8.4,0.8,183
2019-01-10,1,5,5.14,0,0,58,27,44.6,17.3,13.4,9.7,161
2019-01-11,1,6,11.18,0.3,1,42,30,44.7,17.3,-2.7,12.7,175
2019-01-12,1,7,4.7,0.01,1,33,19,44.7,17.4,-11.7,1.6,166
2019-01-13,1,1,3.58,0,0,34,13,44.7,17.4,-10.7,-4.4,153
2019-01-14,1,2,2.91,0,0,42,11,44.7,17.5,-2.7,-6.5,179
2019-01-15,1,3,5.82,0,0,47,10,44.7,17.5,2.3,-7.5,192
2019-01-16,1,4,5.37,0,0,52,29,44.7,17.5,7.3,11.5,169
2019-01-17,1,5,8.5,0,0,53,24,44.7,17.5,8.3,6.5,194
2019-01-18,1,6,10.51,0.11,1,42,19,44.7,17.6,-2.7,1.4,175
2019-01-19,1,7,6.26,0,0,44,11,44.7,17.6,-0.7,-6.6,186
2019-01-20,1,1,6.49,0,0,55,29,44.7,17.6,10.3,11.4,169
2019-01-21,1,2,15.66,0.02,1,50,21,44.6,17.6,5.4,3.4,194
2019-01-22,1,3,14.99,0,0,27,11,44.6,17.6,-17.6,-6.6,175
2019-01-23,1,4,9.4,0,0,43,14,44.6,17.6,-1.6,-3.6,189
2019-01-24,1,5,8.72,0.02,1,27,10,44.5,17.7,-17.5,-7.7,146
2019-01-25,1,6,5.59,0,0,37,8,44.5,17.7,-7.5,-9.7,178
2019-01-26,1,7,8.05,0,0,42,14,44.5,17.7,-2.5,-3.7,180
2019-01-27,1,1,9.62,0,0,50,21,44.4,17.7,5.6,3.3,137
2019-01-28,1,2,6.26,0.13,1,29,9,44.4,17.7,-15.4,-8.7,157
2019-01-29,1,3,5.14,0,0,30,5,44.4,17.8,-14.4,-12.8,164
2019-01-30,1,4,6.49,0,0,49,11,44.4,17.8,4.6,-6.8,197
2019-01-31,1,5,6.26,0,0,47,17,44.4,17.8,2.6,-0.8,214
2019-02-01,2,6,5.82,0,0,50,22,44.4,17.9,5.6,4.1,183
2019-02-02,2,7,6.93,0,0,55,23,44.4,17.9,10.6,5.1,182
2019-02-03,2,1,15.43,0,0,59,37,44.4,18,14.6,19,177
2019-02-04,2,2,12.3,0,0,54,26,44.5,18,9.5,8,196
2019-02-05,2,3,11.18,0,0,52,19,44.5,18.1,7.5,0.9,176
2019-02-06,2,4,9.62,0.01,1,42,0,44.6,18.2,-2.6,-18.2,124
2019-02-07,2,5,6.71,0,0,21,-7,44.7,18.3,-23.7,-25.3,118
2019-02-08,2,6,6.49,0,0,38,6,44.7,18.4,-6.7,-12.4,164
2019-02-09,2,7,11.63,0,0,49,22,44.9,18.5,4.1,3.5,166
2019-02-10,2,1,7.16,0,0,46,14,45,18.6,1,-4.6,174
2019-02-11,2,2,9.4,0,0,41,21,45.1,18.8,-4.1,2.2,168
2019-02-12,2,3,6.93,0,0,48,19,45.3,18.9,2.7,0.1,169
2019-02-13,2,4,8.72,0,0,59,25,45.4,19.1,13.6,5.9,191
2019-02-14,2,5,10.29,0,0,56,29,45.6,19.2,10.4,9.8,190
2019-02-15,2,6,8.5,0,0,58,24,45.8,19.4,12.2,4.6,205
2019-02-16,2,7,10.74,0.02,1,46,19,46,19.6,0,-0.6,156
2019-02-17,2,1,6.93,0,0,34,12,46.2,19.8,-12.2,-7.8,164
2019-02-18,2,2,7.61,0,0,20,6,46.4,20,-26.4,-14,148
2019-02-19,2,3,6.71,0,0,18,9,46.7,20.2,-28.7,-11.2,179
2019-02-20,2,4,6.49,0,0,32,5,46.9,20.4,-14.9,-15.4,177
2019-02-21,2,5,6.26,0,0,33,13,47.2,20.6,-14.2,-7.6,159
2019-02-22,2,6,6.04,0.27,1,37,17,47.5,20.8,-10.5,-3.8,156
2019-02-23,2,7,10.29,0.05,1,36,15,47.7,21.1,-11.7,-6.1,148
2019-02-24,2,1,10.51,0,0,39,12,48,21.3,-9,-9.3,132
2019-02-25,2,2,6.26,0,0,48,18,48.3,21.6,-0.3,-3.6,164
2019-02-26,2,3,3.8,0,0,60,19,48.6,21.8,11.4,-2.8,189
2019-02-27,2,4,5.82,0,0,38,17,48.9,22.1,-10.9,-5.1,175
2019-02-28,2,5,9.84,0,0,53,25,49.2,22.4,3.8,2.6,185
2019-03-01,3,6,9.84,0,0,51,30,49.5,22.6,1.5,7.4,239
2019-03-02,3,7,10.96,0.1,1,30,2,49.8,22.9,-19.8,-20.9,150
2019-03-03,3,1,4.47,0,0,8,-4,50.1,23.1,-42.1,-27.1,109
2019-03-04,3,2,2.24,0,0,22,0,50.4,23.4,-28.4,-23.4,138
2019-03-05,3,3,3.8,0,0,34,2,50.8,23.7,-16.8,-21.7,152
2019-03-06,3,4,4.92,0.07,1,43,17,51.1,23.9,-8.1,-6.9,144
2019-03-07,3,5,6.71,0.02,1,56,28,51.4,24.2,4.6,3.8,188
2019-03-08,3,6,9.84,0.05,1,61,31,51.6,24.5,9.4,6.5,184
2019-03-09,3,7,12.08,0,0,48,27,51.9,24.7,-3.9,2.3,193
2019-03-10,3,1,12.3,0,0,50,24,52.2,25,-2.2,-1,174
2019-03-11,3,2,5.82,0,0,53,25,52.5,25.3,0.5,-0.3,185
2019-03-12,3,3,9.4,0,0,66,35,52.8,25.5,13.2,9.5,165
2019-03-13,3,4,24.38,0.73,1,42,26,53,25.8,-11,0.2,106
2019-03-14,3,5,13.2,0,0,31,17,53.3,26,-22.3,-9,130
2019-03-15,3,6,8.05,0,0,40,12,53.6,26.3,-13.6,-14.3,151
2019-03-16,3,7,6.93,0,0,43,19,53.8,26.5,-10.8,-7.5,200
2019-03-17,3,1,4.92,0,0,47,24,54.1,26.7,-7.1,-2.7,174
2019-03-18,3,2,6.93,0,0,52,29,54.3,27,-2.3,2,168
2019-03-19,3,3,6.71,0,0,44,25,54.5,27.2,-10.5,-2.2,189
2019-03-20,3,4,4.92,0,0,55,21,54.7,27.4,0.3,-6.4,165
2019-03-21,3,5,12.75,0,0,57,29,55,27.7,2,1.3,186
2019-03-22,3,6,7.16,0.28,1,55,34,55.2,27.9,-0.2,6.1,172
2019-03-23,3,7,7.61,0,0,46,33,55.4,28.1,-9.4,4.9,149
2019-03-24,3,1,7.16,0,0,56,27,55.6,28.3,0.4,-1.3,150
2019-03-25,3,2,6.26,0,0,58,29,55.8,28.6,2.2,0.4,171
2019-03-26,3,3,7.61,0,0,72,34,56,28.8,16,5.2,172
2019-03-27,3,4,6.04,0,0,74,44,56.2,29,17.8,15,199
2019-03-28,3,5,7.61,0,0,67,39,56.4,29.2,10.6,9.8,158
2019-03-29,3,6,8.5,0.18,1,47,31,56.6,29.5,-9.6,1.5,184
2019-03-30,3,7,6.49,0.02,1,37,27,56.8,29.7,-19.8,-2.7,154
2019-03-31,3,1,5.37,0,0,49,29,57,29.9,-8,-0.9,175
2019-04-01,4,2,8.28,0,0,57,26,57.2,30.1,-0.2,-4.1,220
2019-04-02,4,3,4.92,0,0,55,31,57.4,30.4,-2.4,0.6,169
2019-04-03,4,4,7.16,0,0,60,35,57.6,30.6,2.4,4.4,195
2019-04-04,4,5,5.59,0,0,66,35,57.8,30.8,8.2,4.2,186
2019-04-05,4,6,7.61,0,0,68,40,58.1,31.1,9.9,8.9,217
2019-04-06,4,7,5.82,0,0,67,41,58.3,31.3,8.7,9.7,194
2019-04-07,4,1,7.38,0,0,70,36,58.5,31.6,11.5,4.4,166
2019-04-08,4,2,6.26,0,0,74,43,58.7,31.8,15.3,11.2,213
2019-04-09,4,3,13.42,0,0,78,44,59,32.1,19,11.9,171
2019-04-10,4,4,14.54,0.19,1,59,17,59.2,32.4,-0.2,-15.4,143
2019-04-11,4,5,6.26,0.01,1,40,16,59.5,32.6,-19.5,-16.6,144
2019-04-12,4,6,6.49,0.2,1,44,23,59.7,32.9,-15.7,-9.9,179
2019-04-13,4,7,6.04,0.01,1,42,27,60,33.2,-18,-6.2,125
2019-04-14,4,1,8.05,0,0,65,30,60.3,33.5,4.7,-3.5,167
2019-04-15,4,2,9.17,0,0,72,47,60.5,33.8,11.5,13.2,195
2019-04-16,4,3,5.82,0,0,69,37,60.8,34.1,8.2,2.9,176
2019-04-17,4,4,7.61,0,0,61,40,61.1,34.4,-0.1,5.6,183
2019-04-18,4,5,7.83,0,0,60,35,61.4,34.7,-1.4,0.3,183
2019-04-19,4,6,7.61,0,0,71,32,61.7,35,9.3,-3,165
2019-04-20,4,7,7.16,0,0,78,44,62,35.3,16,8.7,205
2019-04-21,4,1,10.29,0,0,68,47,62.3,35.6,5.7,11.4,145
2019-04-22,4,2,5.59,0.05,1,47,41,62.7,36,-15.7,5,166
2019-04-23,4,3,5.82,0,0,66,35,63,36.3,3,-1.3,176
2019-04-24,4,4,5.82,0,0,72,40,63.3,36.6,8.7,3.4,234
2019-04-25,4,5,8.95,0,0,63,44,63.6,37,-0.6,7,167
2019-04-26,4,6,11.18,0,0,76,48,64,37.3,12,10.7,197
2019-04-27,4,7,12.3,0,0,69,42,64.3,37.6,4.7,4.4,178
2019-04-28,4,1,16.11,0,0,74,41,64.6,38,9.4,3,159
2019-04-29,4,2,7.61,0.05,1,45,31,65,38.3,-20,-7.3,139
2019-04-30,4,3,5.82,0.11,1,39,32,65.3,38.7,-26.3,-6.7,165
2019-05-01,5,4,8.05,0.07,1,50,36,65.6,39,-15.6,-3,211
2019-05-02,5,5,6.71,0,0,59,33,66,39.3,-7,-6.3,166
2019-05-03,5,6,6.26,0,0,68,33,66.3,39.7,1.7,-6.7,206
2019-05-04,5,7,5.82,0,0,71,39,66.6,40,4.4,-1,170
2019-05-05,5,1,6.04,0,0,74,46,67,40.4,7,5.6,201
2019-05-06,5,2,6.04,0.08,1,71,42,67.3,40.7,3.7,1.3,165
2019-05-07,5,3,8.5,0.28,1,60,47,67.6,41,-7.6,6,170
2019-05-08,5,4,12.53,0.5,1,49,33,68,41.4,-19,-8.4,173
2019-05-09,5,5,9.62,0.07,1,41,32,68.3,41.7,-27.3,-9.7,168
2019-05-10,5,6,7.16,0,0,55,33,68.6,42,-13.6,-9,189
2019-05-11,5,7,6.26,0,0,63,34,68.9,42.3,-5.9,-8.3,162
2019-05-12,5,1,7.38,0,0,72,35,69.2,42.6,2.8,-7.6,135
2019-05-13,5,2,7.16,0,0,78,46,69.6,43,8.4,3,155
2019-05-14,5,3,7.61,0,0,80,44,69.9,43.3,10.1,0.7,193
2019-05-15,5,4,6.71,0,0,81,46,70.2,43.6,10.8,2.4,190
2019-05-16,5,5,6.71,0.05,1,78,49,70.5,43.9,7.5,5.1,204
2019-05-17,5,6,10.74,0.02,1,75,40,70.8,44.2,4.2,-4.2,201
2019-05-18,5,7,8.05,0.12,1,62,35,71.1,44.5,-9.1,-9.5,184
2019-05-19,5,1,8.28,0.03,1,59,38,71.5,44.8,-12.5,-6.8,146
2019-05-20,5,2,7.61,1.08,1,46,32,71.8,45.1,-25.8,-13.1,151
2019-05-21,5,3,9.4,0.02,1,40,31,72.1,45.4,-32.1,-14.4,159
2019-05-22,5,4,5.59,0,0,50,35,72.4,45.7,-22.4,-10.7,191
2019-05-23,5,5,6.71,0,0,46,34,72.7,46,-26.7,-12,181
2019-05-24,5,6,10.29,0,0,70,34,73,46.3,-3,-12.3,242
2019-05-25,5,7,10.51,0,0,74,37,73.4,46.6,0.6,-9.6,173
2019-05-26,5,1,6.71,0.04,1,74,46,73.7,46.9,0.3,-0.9,182
2019-05-27,5,2,10.96,0.09,1,71,45,74,47.1,-3,-2.1,175
2019-05-28,5,3,9.62,0.07,1,58,41,74.4,47.4,-16.4,-6.4,170
2019-05-29,5,4,6.26,0,0,59,40,74.7,47.7,-15.7,-7.7,194
2019-05-30,5,5,5.82,0,0,70,38,75,48,-5,-10,200
2019-05-31,5,6,7.38,0.02,1,75,47,75.4,48.3,-0.4,-1.3,175
2019-06-01,6,7,7.61,0.11,1,77,47,75.7,48.6,1.3,-1.6,195
2019-06-02,6,1,10.74,0,0,82,52,76.1,48.9,5.9,3.1,193
2019-06-03,6,2,7.83,0.33,1,82,50,76.4,49.2,5.6,0.8,177
2019-06-04,6,3,6.71,0,0,77,49,76.8,49.4,0.2,-0.4,220
2019-06-05,6,4,6.71,0,0,77,47,77.2,49.7,-0.2,-2.7,210
2019-06-06,6,5,6.93,0,0,81,48,77.6,50,3.4,-2,215
2019-06-07,6,6,10.29,0.08,1,85,58,77.9,50.3,7.1,7.7,190
2019-06-08,6,7,10.51,0.04,1,82,48,78.3,50.6,3.7,-2.6,178
2019-06-09,6,1,5.59,0,0,61,45,78.7,50.9,-17.7,-5.9,134
2019-06-10,6,2,12.53,0,0,78,46,79.1,51.2,-1.1,-5.2,183
2019-06-11,6,3,8.28,0,0,79,49,79.5,51.5,-0.5,-2.5,228
2019-06-12,6,4,6.71,0,0,73,55,79.9,51.8,-6.9,3.2,199
2019-06-13,6,5,7.16,0.09,1,86,50,80.3,52.1,5.7,-2.1,191
2019-06-14,6,6,8.05,0,0,85,58,80.7,52.4,4.3,5.6,203
2019-06-15,6,7,8.28,0.28,1,77,51,81.1,52.7,-4.1,-1.7,206
2019-06-16,6,1,7.16,0,0,79,52,81.5,53,-2.5,-1,171
2019-06-17,6,2,6.04,0,0,68,54,81.9,53.3,-13.9,0.7,165
2019-06-18,6,3,6.93,0.07,1,70,55,82.3,53.6,-12.3,1.4,177
2019-06-19,6,4,6.04,0,0,83,49,82.6,53.9,0.4,-4.9,207
2019-06-20,6,5,8.5,0,0,84,57,83,54.2,1,2.8,191
2019-06-21,6,6,9.84,0.5,1,71,50,83.4,54.5,-12.4,-4.5,223
2019-06-22,6,7,7.16,0.57,1,65,45,83.8,54.7,-18.8,-9.7,171
2019-06-23,6,1,8.5,0,0,64,44,84.1,55,-20.1,-11,187
2019-06-24,6,2,8.05,0,0,81,47,84.5,55.3,-3.5,-8.3,188
2019-06-25,6,3,8.5,0,0,85,50,84.8,55.6,0.2,-5.6,195
2019-06-26,6,4,6.26,0,0,90,52,85.2,55.8,4.8,-3.8,231
2019-06-27,6,5,9.62,0,0,92,55,85.5,56.1,6.5,-1.1,190
2019-06-28,6,6,7.83,0,0,94,55,85.8,56.3,8.2,-1.3,182
2019-06-29,6,7,9.84,0,0,94,66,86.1,56.6,7.9,9.4,205
2019-06-30,6,1,6.93,0.02,1,92,59,86.4,56.8,5.6,2.2,188
2019-07-01,7,2,7.61,0.1,1,85,59,86.7,57.1,-1.7,1.9,227
2019-07-02,7,3,6.49,0.09,1,84,56,86.9,57.3,-2.9,-1.3,213
2019-07-03,7,4,9.17,0,0,92,55,87.2,57.5,4.8,-2.5,221
2019-07-04,7,5,7.16,0.42,1,86,59,87.4,57.7,-1.4,1.3,183
2019-07-05,7,6,9.17,0,0,83,58,87.6,57.9,-4.6,0.1,205
2019-07-06,7,7,9.84,0,0,83,58,87.8,58.1,-4.8,-0.1,187
2019-07-07,7,1,6.26,0.46,1,87,56,87.9,58.3,-0.9,-2.3,192
2019-07-08,7,2,5.82,0,0,84,58,88.1,58.4,-4.1,-0.4,202
2019-07-09,7,3,6.93,0,0,90,53,88.2,58.6,1.8,-5.6,162
2019-07-10,7,4,7.83,0,0,86,57,88.4,58.7,-2.4,-1.7,229
2019-07-11,7,5,8.28,0,0,95,64,88.5,58.9,6.5,5.1,186
2019-07-12,7,6,9.62,0,0,94,65,88.6,59,5.4,6,202
2019-07-13,7,7,6.93,0,0,95,62,88.6,59.1,6.4,2.9,165
2019-07-14,7,1,9.84,0,0,93,66,88.7,59.2,4.3,6.8,175
2019-07-15,7,2,8.95,0,0,92,64,88.7,59.3,3.3,4.7,166
2019-07-16,7,3,10.51,0,0,94,59,88.7,59.4,5.3,-0.4,197
2019-07-17,7,4,11.63,0,0,96,65,88.8,59.5,7.2,5.5,203
2019-07-18,7,5,6.71,0,0,99,57,88.8,59.5,10.2,-2.5,186
2019-07-19,7,6,6.49,0,0,100,59,88.7,59.6,11.3,-0.6,201
2019-07-20,7,7,9.17,0.23,1,89,62,88.7,59.6,0.3,2.4,207
2019-07-21,7,1,7.61,0.13,1,87,57,88.7,59.7,-1.7,-2.7,189
2019-07-22,7,2,6.93,0.43,1,82,58,88.6,59.7,-6.6,-1.7,213
2019-07-23,7,3,7.61,0,0,90,61,88.6,59.7,1.4,1.3,185
2019-07-24,7,4,7.38,0,0,95,60,88.5,59.7,6.5,0.3,208
2019-07-25,7,5,8.5,0.15,1,88,64,88.4,59.7,-0.4,4.3,220
2019-07-26,7,6,8.05,0,0,92,62,88.3,59.7,3.7,2.3,203
2019-07-27,7,7,6.71,0.14,1,88,64,88.2,59.7,-0.2,4.3,180
2019-07-28,7,1,7.38,0,0,89,63,88.1,59.7,0.9,3.3,182
2019-07-29,7,2,11.18,0,0,89,62,88,59.6,1,2.4,199
2019-07-30,7,3,10.51,0,0,95,64,87.9,59.6,7.1,4.4,200
2019-07-31,7,4,8.28,0.02,1,93,65,87.8,59.6,5.2,5.4,208
2019-08-01,8,5,8.05,0.09,1,88,62,87.7,59.5,0.3,2.5,241
2019-08-02,8,6,6.04,0,0,88,59,87.6,59.4,0.4,-0.4,176
2019-08-03,8,7,7.61,0,0,93,63,87.5,59.4,5.5,3.6,193
2019-08-04,8,1,8.28,0,0,94,64,87.4,59.3,6.6,4.7,190
2019-08-05,8,2,6.71,0,0,90,65,87.3,59.2,2.7,5.8,178
2019-08-06,8,3,7.16,0,0,95,60,87.1,59.1,7.9,0.9,199
2019-08-07,8,4,7.38,0,0,91,67,87,59,4,8,184
2019-08-08,8,5,7.38,0.08,1,86,63,86.9,58.9,-0.9,4.1,240
2019-08-09,8,6,9.4,0.01,1,92,63,86.8,58.8,5.2,4.2,197
2019-08-10,8,7,6.71,0,0,86,64,86.6,58.7,-0.6,5.3,185
2019-08-11,8,1,6.26,0.11,1,86,63,86.5,58.5,-0.5,4.5,200
2019-08-12,8,2,7.83,0,0,87,57,86.4,58.4,0.6,-1.4,186
2019-08-13,8,3,6.93,0.03,1,91,59,86.3,58.3,4.7,0.7,194
2019-08-14,8,4,8.95,0,0,92,57,86.1,58.1,5.9,-1.1,189
2019-08-15,8,5,8.05,0,0,95,58,86,57.9,9,0.1,215
2019-08-16,8,6,7.83,0,0,90,60,85.9,57.8,4.1,2.2,220
2019-08-17,8,7,8.72,0,0,90,62,85.7,57.6,4.3,4.4,211
2019-08-18,8,1,7.83,0,0,94,55,85.6,57.4,8.4,-2.4,197
2019-08-19,8,2,5.14,0,0,96,60,85.4,57.2,10.6,2.8,214
2019-08-20,8,3,6.71,0.04,1,97,60,85.3,57,11.7,3,197
2019-08-21,8,4,7.16,0.12,1,82,62,85.1,56.8,-3.1,5.2,237
2019-08-22,8,5,8.5,0,0,91,57,84.9,56.5,6.1,0.5,192
2019-08-23,8,6,11.63,0.04,1,90,63,84.8,56.3,5.2,6.7,194
2019-08-24,8,7,9.4,0,0,86,54,84.6,56,1.4,-2,202
2019-08-25,8,1,8.5,0,0,95,60,84.4,55.8,10.6,4.2,157
2019-08-26,8,2,8.05,0,0,80,58,84.2,55.5,-4.2,2.5,203
2019-08-27,8,3,7.61,0,0,79,57,84,55.2,-5,1.8,206
2019-08-28,8,4,6.49,0,0,92,52,83.8,54.9,8.2,-2.9,193
2019-08-29,8,5,8.05,0,0,93,62,83.5,54.6,9.5,7.4,211
2019-08-30,8,6,6.49,0,0,88,59,83.3,54.3,4.7,4.7,212
2019-08-31,8,7,7.61,0,0,92,59,83,53.9,9,5.1,194
2019-09-01,9,1,7.61,0,0,97,61,82.7,53.6,14.3,7.4,224
2019-09-02,9,2,6.93,0,0,98,64,82.5,53.2,15.5,10.8,219
2019-09-03,9,3,8.05,0,0,83,61,82.2,52.9,0.8,8.1,194
2019-09-04,9,4,11.41,0,0,94,62,81.8,52.5,12.2,9.5,170
2019-09-05,9,5,8.05,0,0,97,61,81.5,52.1,15.5,8.9,213
2019-09-06,9,6,8.05,0.42,1,89,63,81.2,51.7,7.8,11.3,193
2019-09-07,9,7,6.49,0.03,1,87,62,80.8,51.3,6.2,10.7,183
2019-09-08,9,1,6.26,0.09,1,82,54,80.5,50.9,1.5,3.1,188
2019-09-09,9,2,5.37,0,0,84,54,80.1,50.5,3.9,3.5,195
2019-09-10,9,3,6.93,0,0,89,57,79.7,50,9.3,7,177
2019-09-11,9,4,6.93,0,0,88,53,79.3,49.6,8.7,3.4,205
2019-09-12,9,5,6.49,0,0,76,49,78.9,49.2,-2.9,-0.2,199
2019-09-13,9,6,5.82,0,0,81,50,78.5,48.7,2.5,1.3,211
2019-09-14,9,7,6.71,0,0,89,49,78.1,48.3,10.9,0.7,185
2019-09-15,9,1,8.05,0,0,89,54,77.6,47.8,11.4,6.2,158
2019-09-16,9,2,7.38,0,0,86,60,77.2,47.3,8.8,12.7,200
2019-09-17,9,3,9.62,0,0,88,56,76.8,46.9,11.2,9.1,174
2019-09-18,9,4,9.17,0,0,84,52,76.3,46.4,7.7,5.6,186
2019-09-19,9,5,8.5,0,0,87,50,75.9,46,11.1,4,197
2019-09-20,9,6,14.32,0,0,86,57,75.4,45.5,10.6,11.5,186
2019-09-21,9,7,10.96,0,0,80,46,74.9,45.1,5.1,0.9,193
2019-09-22,9,1,6.93,0,0,76,44,74.5,44.6,1.5,-0.6,171
2019-09-23,9,2,4.92,0,0,82,54,74,44.1,8,9.9,217
2019-09-24,9,3,3.8,0,0,84,52,73.6,43.7,10.4,8.3,180
2019-09-25,9,4,4.92,0,0,83,49,73.1,43.3,9.9,5.7,181
2019-09-26,9,5,6.93,0,0,89,47,72.7,42.8,16.3,4.2,208
2019-09-27,9,6,10.51,0,0,81,50,72.2,42.4,8.8,7.6,198
2019-09-28,9,7,19.01,0,0,75,48,71.8,42,3.2,6,179
2019-09-29,9,1,18.34,0,0,87,53,71.3,41.5,15.7,11.5,213
2019-09-30,9,2,9.84,0,0,73,51,70.9,41.1,2.1,9.9,183
2019-10-01,10,3,7.61,0.03,1,57,44,70.4,40.7,-13.4,3.3,183
2019-10-02,10,4,5.14,0,0,66,43,70,40.3,-4,2.7,169
2019-10-03,10,5,10.07,0,0,69,46,69.6,39.9,-0.6,6.1,186
2019-10-04,10,6,6.71,0,0,83,41,69.2,39.6,13.8,1.4,212
2019-10-05,10,7,11.18,0,0,68,40,68.8,39.2,-0.8,0.8,183
2019-10-06,10,1,6.71,0,0,63,41,68.4,38.8,-5.4,2.2,177
2019-10-07,10,2,6.49,0,0,78,37,68,38.5,10,-1.5,187
2019-10-08,10,3,7.38,0,0,80,38,67.6,38.1,12.4,-0.1,169
2019-10-09,10,4,10.51,0,0,81,30,67.3,37.8,13.7,-7.8,162
2019-10-10,10,5,7.38,0.1,1,30,14,66.9,37.5,-36.9,-23.5,137
2019-10-11,10,6,6.49,0,0,51,9,66.5,37.1,-15.5,-28.1,182
2019-10-12,10,7,6.26,0,0,68,28,66.2,36.8,1.8,-8.8,197
2019-10-13,10,1,6.04,0,0,73,28,65.8,36.5,7.2,-8.5,176
2019-10-14,10,2,5.59,0,0,74,36,65.5,36.2,8.5,-0.2,186
2019-10-15,10,3,5.14,0,0,62,32,65.2,35.9,-3.2,-3.9,196
2019-10-16,10,4,5.82,0,0,79,37,64.8,35.6,14.2,1.4,203
2019-10-17,10,5,9.17,0,0,82,44,64.5,35.3,17.5,8.7,202
2019-10-18,10,6,8.05,0,0,65,36,64.2,35,0.8,1,167
2019-10-19,10,7,5.59,0,0,65,30,63.8,34.7,1.2,-4.7,154
2019-10-20,10,1,17,0,0,56,37,63.5,34.4,-7.5,2.6,160
2019-10-21,10,2,14.76,0,0,52,36,63.2,34.1,-11.2,1.9,134
2019-10-22,10,3,9.4,0,0,65,28,62.8,33.8,2.2,-5.8,176
2019-10-23,10,4,9.17,0.25,1,56,30,62.5,33.5,-6.5,-3.5,176
2019-10-24,10,5,6.04,0.02,1,39,27,62.2,33.2,-23.2,-6.2,178
2019-10-25,10,6,5.82,0,0,61,28,61.8,32.9,-0.8,-4.9,187
2019-10-26,10,7,7.83,0,0,74,30,61.4,32.6,12.6,-2.6,156
2019-10-27,10,1,9.17,0.05,1,30,16,61.1,32.3,-31.1,-16.3,139
2019-10-28,10,2,3.58,0.12,1,28,15,60.7,32,-32.7,-17,151
2019-10-29,10,3,9.84,0.05,1,21,7,60.3,31.7,-39.3,-24.7,124
2019-10-30,10,4,4.7,0.02,1,20,5,60,31.3,-40,-26.3,133
2019-10-31,10,5,4.92,0,0,51,8,59.6,31,-8.6,-23,173
2019-11-01,11,6,5.82,0,0,34,21,59.2,30.7,-25.2,-9.7,197
2019-11-02,11,7,5.59,0,0,56,21,58.7,30.3,-2.7,-9.3,159
2019-11-03,11,1,7.16,0,0,61,27,58.3,30,2.7,-3,197
2019-11-04,11,2,4.92,0,0,53,32,57.9,29.6,-4.9,2.4,166
2019-11-05,11,3,5.37,0,0,60,27,57.4,29.2,2.6,-2.2,170
2019-11-06,11,4,7.16,0,0,61,28,57,28.8,4,-0.8,192
2019-11-07,11,5,4.47,0,0,54,28,56.5,28.4,-2.5,-0.4,168
2019-11-08,11,6,6.04,0,0,70,27,56,28,14,-1,189
2019-11-09,11,7,6.71,0,0,77,35,55.6,27.6,21.4,7.4,179
2019-11-10,11,1,8.05,0,0,68,25,55.1,27.2,12.9,-2.2,146
2019-11-11,11,2,5.59,0.01,1,28,13,54.6,26.8,-26.6,-13.8,155
2019-11-12,11,3,6.04,0,0,65,19,54.1,26.4,10.9,-7.4,170
2019-11-13,11,4,10.51,0,0,59,30,53.6,26,5.4,4,173
2019-11-14,11,5,6.93,0,0,54,26,53.1,25.6,0.9,0.4,201
2019-11-15,11,6,6.26,0,0,71,35,52.5,25.1,18.5,9.9,211
2019-11-16,11,7,8.5,0,0,64,30,52,24.7,12,5.3,193
2019-11-17,11,1,5.59,0,0,60,28,51.5,24.3,8.5,3.7,165
2019-11-18,11,2,8.5,0,0,66,40,51,23.8,15,16.2,196
2019-11-19,11,3,5.82,0,0,66,33,50.5,23.4,15.5,9.6,185
2019-11-20,11,4,8.95,0.03,1,56,29,50,23,6,6,195
2019-11-21,11,5,6.04,0.03,1,29,26,49.5,22.6,-20.5,3.4,182
2019-11-22,11,6,3.58,0.18,1,36,24,49,22.1,-13,1.9,207
2019-11-23,11,7,5.59,0,0,56,19,48.5,21.7,7.5,-2.7,173
2019-11-24,11,1,8.05,0,0,64,28,48.1,21.3,15.9,6.7,165
2019-11-25,11,2,8.28,0.1,1,44,28,47.6,20.9,-3.6,7.1,171
2019-11-26,11,3,10.96,0.16,1,28,7,47.2,20.6,-19.2,-13.6,103
2019-11-27,11,4,5.82,0,0,27,1,46.7,20.2,-19.7,-19.2,129
2019-11-28,11,5,4.03,0,0,45,15,46.3,19.8,-1.3,-4.8,92
2019-11-29,11,6,6.93,0.03,1,48,17,45.9,19.5,2.1,-2.5,158
2019-11-30,11,7,11.18,0,0,36,17,45.6,19.1,-9.6,-2.1,134
2019-12-01,12,1,4.92,0,0,46,13,45.2,18.8,0.8,-5.8,148
2019-12-02,12,2,5.37,0,0,57,25,44.9,18.5,12.1,6.5,174
2019-12-03,12,3,6.26,0,0,55,30,44.6,18.2,10.4,11.8,156
2019-12-04,12,4,4.7,0,0,57,29,44.3,18,12.7,11,177
2019-12-05,12,5,4.92,0.12,1,43,29,44,17.7,-1,11.3,181
2019-12-06,12,6,4.47,0,0,51,26,43.8,17.5,7.2,8.5,181
2019-12-07,12,7,7.38,0,0,63,31,43.5,17.3,19.5,13.7,164
2019-12-08,12,1,6.49,0,0,56,34,43.3,17.1,12.7,16.9,156
2019-12-09,12,2,7.61,0,0,42,24,43.2,16.9,-1.2,7.1,172
2019-12-10,12,3,5.59,0,0,41,20,43,16.7,-2,3.3,177
2019-12-11,12,4,5.37,0,0,56,26,42.9,16.6,13.1,9.4,197
2019-12-12,12,5,5.37,0,0,55,30,42.8,16.4,12.2,13.6,187
2019-12-13,12,6,15.21,0,0,46,30,42.7,16.3,3.3,13.7,167
2019-12-14,12,7,7.61,0,0,41,24,42.7,16.2,-1.7,7.8,154
2019-12-15,12,1,3.8,0,0,29,20,42.6,16.2,-13.6,3.8,163
2019-12-16,12,2,5.37,0,0,32,13,42.6,16.1,-10.6,-3.1,155
2019-12-17,12,3,8.05,0,0,44,14,42.6,16.1,1.4,-2.1,151
2019-12-18,12,4,6.93,0,0,60,19,42.6,16,17.4,3,183
2019-12-19,12,5,6.26,0,0,47,22,42.7,16,4.3,6,177
2019-12-20,12,6,6.26,0,0,54,20,42.7,16,11.3,4,178
2019-12-21,12,7,6.04,0,0,66,25,42.8,16,23.2,9,167
2019-12-22,12,1,5.14,0,0,66,32,42.8,16.1,23.2,15.9,174
2019-12-23,12,2,6.93,0,0,63,39,42.9,16.1,20.1,22.9,169
2019-12-24,12,3,4.25,0,0,53,33,43,16.1,10,16.9,147
2019-12-25,12,4,8.5,0,0,54,26,43.1,16.2,10.9,9.8,98
2019-12-26,12,5,5.82,0,0,44,20,43.2,16.2,0.8,3.8,136
2019-12-27,12,6,4.25,0,0,39,22,43.3,16.3,-4.3,5.7,152
2019-12-28,12,7,13.42,0.04,1,28,16,43.4,16.4,-15.4,-0.4,122
2019-12-29,12,1,4.92,0,0,31,6,43.6,16.4,-12.6,-10.4,140
2019-12-30,12,2,7.16,0,0,32,5,43.7,16.5,-11.7,-11.5,130